customer_id,national_id_mismatch,shared_phone_number,distance_anomaly,suspicious_repayment_pattern,synthetic_customer_score
C0006998,0,0,0,0,0.337
C0005809,0,0,0,0,0.776
C0022085,0,1,0,0,0.312
C0009483,0,0,0,0,0.262
C0030657,0,0,0,0,0.053
C0027437,0,0,0,0,0.994
C0014785,0,0,0,0,0.974
C0046997,0,0,0,0,0.726
C0032375,0,0,0,0,0.177
C0013828,0,0,0,0,0.013
C0056473,0,0,0,0,0.65
C0053163,0,0,0,0,0.145
C0041810,0,0,0,0,0.005
C0051157,0,0,0,0,0.22
C0003840,0,0,0,0,0.141
C0025674,0,0,0,0,0.628
C0024606,0,0,0,1,0.2
C0005767,0,0,0,0,0.719
C0027215,0,0,0,1,0.465
C0030408,0,0,0,0,0.573
C0022791,1,0,0,0,0.1
C0020774,0,0,0,0,0.597
C0029984,0,0,0,0,0.25
C0012078,0,0,0,0,0.337
C0047717,0,0,0,0,0.089
C0012335,0,0,0,1,0.625
C0044805,0,0,0,0,0.315
C0027514,0,0,0,0,0.543
C0008245,0,0,0,0,0.006
C0034350,0,0,0,0,0.601
C0013312,0,0,0,0,0.675
C0045113,0,0,0,0,0.399
C0007878,0,0,0,0,0.093
C0047078,1,0,0,0,0.905
C0031112,0,0,0,0,0.498
C0056077,0,0,1,0,0.715
C0013866,1,0,0,0,0.919
C0001437,1,0,0,0,0.575
C0014243,0,0,0,1,0.502
C0012614,0,0,0,0,0.402
C0005365,0,0,0,1,0.685
C0045349,0,0,0,0,0.354
C0004863,0,0,0,0,0.82
C0012567,0,0,0,1,0.04
C0010719,0,0,1,0,0.879
C0014820,0,0,0,0,0.503
C0038624,0,0,0,1,0.004
C0008768,0,0,0,0,0.331
C0012019,0,0,0,0,0.167
C0012359,0,0,0,0,0.53
C0006994,0,0,0,0,0.48
C0057834,0,0,0,0,0.383
C0039708,0,0,0,0,0.096
C0030382,0,0,0,0,0.154
C0000295,0,0,0,0,0.226
C0051663,0,0,0,0,0.576
C0024655,0,0,0,0,0.556
C0038758,0,0,0,0,0.779
C0034667,1,0,0,0,0.883
C0048876,0,0,1,0,0.136
C0043587,0,0,0,0,0.615
C0020747,0,0,0,1,0.781
C0005574,0,0,0,0,0.93
C0055327,0,0,0,1,0.113
C0043463,0,0,0,0,0.368
C0017291,0,0,0,0,0.094
C0040486,0,0,0,0,0.303
C0003641,0,0,0,0,0.967
C0013148,0,0,0,0,0.92
C0026814,0,0,0,0,0.466
C0043339,0,0,0,0,0.362
C0020628,1,0,0,0,0.405
C0026415,0,0,0,0,0.258
C0034710,0,0,0,0,0.146
C0013359,0,0,1,0,0.336
C0035090,0,0,1,0,0.533
C0050045,0,0,0,0,0.198
C0006203,0,0,0,0,0.377
C0036315,0,0,0,0,0.893
C0027123,1,0,0,0,0.698
C0008305,0,1,0,0,0.93
C0000964,0,0,0,0,0.495
C0027037,0,0,0,0,0.957
C0029124,0,0,0,0,0.301
C0018558,0,0,0,0,0.937
C0045562,0,0,0,0,0.069
C0059125,0,0,0,0,0.834
C0030578,0,1,0,0,0.9
C0025848,0,0,0,0,0.94
C0009051,0,0,0,0,0.186
C0040747,0,0,0,0,0.608
C0008424,0,0,0,0,0.318
C0018518,0,0,0,0,0.965
C0017791,0,0,0,0,0.479
C0014157,0,1,0,0,0.403
C0034870,0,0,0,1,0.461
C0031966,0,0,0,0,0.609
C0001915,0,0,0,0,0.08
C0045237,0,0,0,0,0.641
C0041200,0,0,0,0,0.501
C0010015,0,0,0,0,0.035
C0005763,0,0,0,0,0.998
C0021885,1,0,0,0,0.828
C0024848,0,0,0,0,0.129
C0023553,0,0,0,0,0.13
C0001628,0,0,0,0,0.743
C0021589,0,0,0,0,0.691
C0041112,0,0,0,0,0.968
C0032319,0,0,0,0,0.386
C0001242,0,0,0,0,0.156
C0002485,0,0,0,0,0.664
C0024405,0,0,0,0,0.338
C0040359,0,0,0,0,0.92
C0023541,0,0,0,0,0.268
C0027444,0,0,0,0,0.067
C0026300,0,0,0,0,0.737
C0033157,0,0,0,0,0.338
C0052815,0,0,0,0,0.909
C0059896,0,0,0,0,0.14
C0055570,0,0,0,0,0.229
C0006636,0,0,0,0,0.533
C0047620,0,0,0,0,0.054
C0055394,0,0,0,0,0.452
C0027719,0,0,0,0,0.114
C0032020,0,0,0,0,0.466
C0051641,0,0,0,0,0.853
C0005818,0,0,1,0,0.361
C0034647,0,0,0,0,0.769
C0004329,0,0,0,0,0.101
C0013735,1,0,0,0,0.305
C0055618,0,0,0,0,0.286
C0046890,0,0,1,0,0.308
C0047386,0,0,0,0,0.653
C0016972,0,0,0,0,0.047
C0003487,0,0,0,0,0.101
C0002913,0,0,0,1,0.522
C0053346,0,0,0,0,0.77
C0021329,0,0,0,0,0.878
C0007969,0,0,0,1,0.163
C0020696,0,0,0,1,0.787
C0001268,0,0,0,0,0.356
C0050390,0,0,0,1,0.29
C0001643,0,0,0,0,0.022
C0008000,0,0,0,0,0.957
C0020762,0,0,0,0,0.054
C0001467,0,0,0,0,0.445
C0040417,0,0,0,0,0.256
C0007364,0,0,0,0,0.152
C0031792,0,0,1,0,0.184
C0044003,0,0,0,0,0.296
C0013609,0,0,0,0,0.889
C0021422,0,0,0,0,0.132
C0049055,0,0,0,0,0.519
C0055371,0,0,0,0,0.71
C0008707,0,0,0,0,0.853
C0015588,1,0,0,0,0.014
C0041911,0,0,0,0,0.985
C0041227,0,0,0,0,0.805
C0040544,1,0,0,0,0.469
C0014323,0,0,0,0,0.293
C0027964,0,0,0,0,0.365
C0010675,0,0,0,1,0.553
C0057759,0,0,0,0,0.665
C0009520,0,0,0,0,0.342
C0057251,0,0,0,0,0.77
C0045645,0,0,0,0,0.531
C0026066,0,0,0,0,0.106
C0025005,0,0,0,0,0.553
C0025238,0,0,0,0,0.841
C0041479,1,0,0,0,0.168
C0026662,0,0,0,0,0.867
C0009866,0,0,0,1,0.836
C0026508,0,0,0,0,0.337
C0056605,0,0,0,0,0.333
C0020176,0,0,0,0,0.14
C0004778,0,0,0,0,0.971
C0024316,0,1,0,0,0.024
C0059253,0,0,0,1,0.387
C0045863,0,0,0,0,0.956
C0038033,0,0,0,0,0.978
C0047569,0,0,0,0,0.659
C0013934,0,0,0,0,0.42
C0026582,0,0,0,0,0.959
C0025552,0,0,0,0,0.489
C0048068,0,0,0,0,0.285
C0031043,0,0,0,0,0.978
C0011562,0,0,0,0,0.983
C0023263,0,0,0,0,0.617
C0059936,0,0,0,0,0.404
C0038002,0,0,0,0,0.367
C0022524,0,0,0,1,0.611
C0043254,0,0,0,0,0.349
C0056417,0,0,0,0,0.407
C0049795,0,0,0,0,0.785
C0025460,1,0,0,0,0.538
C0004086,1,0,0,0,0.953
C0015870,0,0,0,0,0.368
C0045608,0,0,0,0,0.338
C0016945,0,0,0,0,0.012
C0040270,0,0,0,0,0.167
C0012830,0,0,0,0,0.369
C0013910,0,0,0,0,0.128
C0053617,0,0,0,0,0.418
C0023059,0,0,0,0,0.245
C0012298,0,0,0,0,0.505
C0058750,0,0,0,0,0.179
C0030754,0,0,0,0,0.698
C0002036,0,0,0,0,0.88
C0009383,0,0,0,0,0.333
C0044173,0,0,0,0,0.249
C0001072,0,0,0,0,0.917
C0026647,0,0,0,1,0.407
C0049419,0,0,1,0,0.815
C0011061,0,0,0,1,0.045
C0007706,0,0,1,0,0.315
C0021832,0,0,0,0,0.833
C0038768,0,0,0,0,0.475
C0058197,0,0,0,0,0.445
C0032302,0,0,0,1,0.762
C0013649,0,0,0,1,0.26
C0008306,0,0,0,0,0.428
C0049739,0,0,0,0,0.069
C0051547,0,0,1,1,0.806
C0047737,0,0,1,0,0.769
C0045369,0,0,0,0,0.162
C0054508,0,0,0,0,0.049
C0007013,0,0,0,0,0.815
C0033341,0,0,0,0,0.462
C0008578,0,0,0,0,0.346
C0043314,0,0,0,0,0.184
C0014427,0,0,0,0,0.533
C0014029,0,0,0,0,0.421
C0048884,0,0,0,0,0.492
C0022584,0,0,0,0,0.834
C0026656,0,0,0,0,0.784
C0016749,0,0,0,0,0.517
C0037424,0,0,0,0,0.065
C0007008,1,1,0,0,0.52
C0053498,0,0,0,0,0.254
C0049056,0,0,0,1,0.284
C0037430,0,1,0,0,0.331
C0052550,0,0,0,0,0.049
C0044487,0,0,0,0,0.443
C0041424,0,0,0,0,0.116
C0006895,0,0,0,0,0.019
C0004555,0,0,0,0,0.103
C0053120,0,0,0,0,0.755
C0032106,0,0,0,0,0.263
C0026830,0,0,0,0,0.341
C0044376,0,0,0,0,0.428
C0054532,0,0,0,0,0.773
C0015904,0,0,0,0,0.784
C0018315,0,0,1,0,0.947
C0007268,0,0,0,0,0.836
C0009490,0,0,0,0,0.622
C0058897,0,0,0,0,0.859
C0059306,0,0,0,0,0.623
C0016590,0,0,0,0,0.557
C0044089,0,0,1,0,0.49
C0015847,0,0,0,0,0.055
C0050534,0,0,0,0,0.219
C0046285,0,0,0,1,0.697
C0015185,0,0,0,0,0.578
C0011678,0,0,0,0,0.955
C0038048,0,0,0,0,0.832
C0001298,0,0,0,0,0.782
C0038028,0,0,0,0,0.218
C0028995,0,0,0,0,0.586
C0027573,0,0,1,0,0.794
C0056161,0,0,0,0,0.466
C0030456,0,1,0,0,0.504
C0023270,0,0,0,0,0.982
C0037083,0,0,0,0,0.43
C0027173,0,0,0,0,0.009
C0015091,1,0,0,1,0.304
C0043883,0,0,0,0,0.473
C0058996,0,0,0,1,0.097
C0006343,0,0,0,0,0.478
C0018535,0,0,0,0,0.295
C0030138,0,0,0,0,0.778
C0041944,0,0,0,0,0.708
C0049753,0,0,0,0,0.881
C0048175,0,0,0,0,0.403
C0052819,0,0,0,0,0.458
C0026004,0,0,0,0,0.561
C0022621,0,0,0,0,0.127
C0012578,0,0,0,0,0.882
C0035067,0,0,0,0,0.308
C0021366,0,0,1,0,0.347
C0020613,1,0,0,0,0.444
C0044200,0,0,0,1,0.506
C0037364,0,0,0,0,0.531
C0047849,0,0,0,0,0.894
C0013305,0,0,0,0,0.258
C0005095,0,0,0,0,0.737
C0048272,0,0,0,1,0.245
C0002724,0,0,0,0,0.199
C0018998,0,0,0,0,0.051
C0033088,0,0,0,0,0.364
C0016143,0,0,0,0,0.189
C0035338,0,0,0,0,0.765
C0024782,0,1,0,0,0.657
C0047411,0,0,0,0,0.856
C0046571,0,0,0,0,0.178
C0012508,0,0,0,0,0.338
C0044986,0,0,1,0,0.345
C0034591,0,0,0,0,0.381
C0041219,0,0,0,0,0.011
C0011358,0,0,0,0,0.279
C0054947,0,0,0,0,0.177
C0010335,0,0,0,0,0.367
C0020311,0,0,0,0,0.322
C0054721,0,0,0,0,0.714
C0049721,0,0,0,0,0.865
C0034305,0,0,0,0,0.898
C0021502,0,0,0,0,0.809
C0014639,0,0,1,0,0.209
C0001303,0,0,0,1,0.72
C0000860,0,0,0,0,0.916
C0023720,0,0,0,0,0.366
C0010817,0,0,0,0,0.234
C0039250,0,0,0,0,0.137
C0017434,0,0,0,0,0.877
C0041472,0,0,0,1,0.609
C0002841,0,0,0,1,0.138
C0058170,0,0,0,0,0.073
C0013307,0,0,0,0,0.041
C0035216,0,0,0,0,0.901
C0002050,0,0,0,0,0.807
C0040269,0,0,0,0,0.97
C0019956,0,0,0,0,0.036
C0053956,0,0,0,0,0.251
C0029977,0,0,0,0,0.234
C0036677,0,0,0,0,0.896
C0042530,0,0,1,0,0.07
C0009136,0,0,0,0,0.39
C0052170,0,0,0,0,0.131
C0049108,0,0,0,0,0.149
C0010429,0,0,0,0,0.203
C0031358,0,0,1,0,0.565
C0026131,0,0,0,0,0.588
C0056522,0,0,0,0,0.38
C0048572,0,0,1,0,0.204
C0025868,0,0,0,0,0.325
C0004226,0,0,0,0,0.437
C0031197,0,0,0,0,0.973
C0024239,0,0,0,0,0.129
C0026836,0,0,0,0,0.706
C0027508,0,0,0,0,0.397
C0035030,0,0,0,0,0.971
C0028003,0,0,0,0,0.212
C0004255,0,0,0,0,0.329
C0011399,0,0,0,0,0.697
C0058018,0,0,0,0,0.881
C0003697,0,0,0,0,0.693
C0033790,0,0,0,0,0.49
C0028798,0,0,0,1,0.807
C0008369,0,0,1,0,0.741
C0010245,0,0,1,0,0.883
C0035495,1,0,0,0,0.249
C0028184,0,0,0,0,0.369
C0000788,0,0,0,0,0.51
C0035330,0,0,0,0,0.978
C0048437,1,0,0,0,0.521
C0058449,0,0,0,0,0.998
C0046351,0,0,0,0,0.593
C0044061,0,0,0,0,0.551
C0045147,0,0,0,0,0.446
C0018459,0,0,0,0,0.339
C0007906,0,0,0,0,0.678
C0029460,0,0,0,0,0.734
C0010435,0,0,0,0,0.94
C0037023,0,0,0,0,0.779
C0044606,0,0,0,0,0.863
C0014015,0,0,0,0,0.721
C0005588,0,0,0,1,0.262
C0018361,0,0,0,0,0.016
C0038423,0,0,0,0,0.322
C0027686,1,0,0,0,0.068
C0017798,0,0,1,1,0.266
C0047364,0,0,0,0,0.927
C0015458,0,0,0,0,0.075
C0004158,0,0,0,0,0.912
C0029667,0,0,0,0,0.103
C0029359,0,0,0,0,0.461
C0023405,0,0,0,0,0.039
C0006874,0,0,0,0,0.953
C0039682,1,0,0,0,0.459
C0031189,0,0,0,1,0.753
C0050170,0,0,0,0,0.212
C0008327,0,0,0,1,0.008
C0013477,0,0,0,0,0.689
C0010999,0,0,0,0,0.289
C0053940,0,0,0,1,0.261
C0036486,0,0,0,0,0.487
C0027727,0,0,0,0,0.597
C0057523,0,0,0,0,0.543
C0045561,0,0,0,0,0.932
C0046368,0,0,0,1,0.6
C0038231,0,0,0,0,0.1
C0059255,0,0,1,0,0.14
C0025107,0,0,0,1,0.487
C0013132,0,0,0,0,0.593
C0015103,1,0,0,0,0.619
C0011668,1,0,0,0,0.331
C0004945,0,0,0,0,0.245
C0058407,0,0,0,0,0.43
C0052947,0,0,0,0,0.366
C0000680,0,0,0,0,0.191
C0046595,0,0,0,1,0.923
C0003668,1,0,0,1,0.786
C0057793,1,0,0,0,0.846
C0054609,0,0,0,0,0.869
C0056075,0,0,0,0,0.856
C0036538,0,0,0,0,0.112
C0039177,0,1,0,1,0.282
C0017070,0,0,0,0,0.05
C0057865,0,0,0,0,0.805
C0019492,0,1,1,1,0.116
C0059380,0,0,0,0,0.669
C0002929,0,0,0,0,0.304
C0021612,0,1,0,0,0.587
C0027531,0,0,0,1,0.536
C0017407,0,0,0,0,0.989
C0056164,0,1,0,0,0.771
C0036461,0,0,0,1,0.816
C0007033,0,0,0,0,0.564
C0046623,0,0,1,0,0.365
C0053655,0,0,0,0,0.076
C0003250,0,0,0,0,0.148
C0058389,0,0,1,0,0.979
C0002071,0,0,0,0,0.996
C0040018,1,0,0,0,0.288
C0019112,0,0,0,0,0.75
C0027217,0,0,0,0,0.506
C0050862,0,0,0,0,0.412
C0017378,0,0,0,0,0.214
C0041078,0,0,0,0,0.815
C0045744,0,0,0,0,0.674
C0019888,0,0,0,1,0.419
C0013791,0,0,0,0,0.115
C0017436,0,0,1,0,0.137
C0037106,0,0,0,0,0.477
C0005693,0,1,0,0,0.103
C0043570,0,0,0,0,0.144
C0013378,0,0,0,0,0.602
C0025421,0,0,0,0,0.559
C0010977,0,0,0,0,0.761
C0021763,0,0,1,0,0.182
C0033055,0,0,0,0,0.837
C0008230,0,0,0,0,0.488
C0005176,0,0,1,0,0.127
C0035891,0,0,0,0,0.775
C0007715,1,0,0,0,0.996
C0059910,0,0,0,0,0.5
C0040580,0,0,0,0,0.823
C0002908,0,0,0,1,0.549
C0035894,0,0,0,0,0.734
C0002470,0,0,0,0,0.667
C0019222,0,0,0,0,0.086
C0017022,0,0,0,0,0.692
C0051468,0,0,0,0,0.309
C0034602,0,0,0,1,0.007
C0053006,0,0,0,0,0.882
C0057115,0,0,0,0,0.66
C0017811,0,0,0,0,0.494
C0052442,0,0,1,1,0.056
C0032028,0,0,0,1,0.705
C0023164,0,0,0,0,0.835
C0044852,0,0,0,0,0.472
C0036273,0,0,0,0,0.169
C0023648,0,0,0,0,0.571
C0027387,0,0,0,0,0.23
C0006159,0,0,0,1,0.123
C0028652,1,0,0,1,0.171
C0046771,0,0,0,0,0.576
C0057891,0,0,0,0,0.914
C0040731,0,0,0,0,0.211
C0001941,0,0,1,0,0.223
C0011901,0,0,0,1,0.709
C0034037,0,0,1,0,0.332
C0003098,0,0,0,0,0.798
C0035594,0,0,0,0,0.883
C0020044,1,0,0,0,0.248
C0054354,0,0,0,0,0.59
C0044896,0,0,0,0,0.328
C0009878,0,0,0,0,0.376
C0012977,0,0,0,0,0.604
C0039669,0,0,1,0,0.567
C0004920,0,0,0,0,0.901
C0009163,1,0,0,0,0.332
C0058816,0,0,0,0,0.644
C0014564,0,0,0,0,0.228
C0025683,0,0,0,1,0.596
C0035853,0,0,0,0,0.895
C0002712,0,0,0,0,0.859
C0035528,0,0,0,0,0.943
C0034826,0,0,0,0,0.445
C0058645,0,0,0,1,0.64
C0057617,0,0,0,0,0.095
C0009326,0,1,0,0,0.728
C0050668,0,0,0,0,0.598
C0011969,0,0,0,0,0.408
C0047948,0,0,0,0,0.344
C0043797,0,0,0,0,0.491
C0004901,0,0,0,0,0.986
C0001275,0,0,1,0,0.449
C0044437,0,0,0,0,0.349
C0015766,0,0,0,0,0.097
C0016526,0,0,0,0,0.283
C0007582,0,0,0,0,0.812
C0045485,0,0,0,0,0.814
C0048310,0,0,0,0,0.694
C0046482,0,0,0,0,0.106
C0003991,0,0,0,0,0.874
C0006900,0,0,1,0,0.751
C0055045,0,0,1,0,0.964
C0029995,0,0,0,0,0.741
C0058899,0,0,0,0,0.431
C0008620,0,0,0,0,0.131
C0040109,0,0,0,0,0.316
C0057798,0,0,0,0,0.425
C0058509,0,0,0,0,0.942
C0040185,0,0,0,0,0.617
C0032557,0,0,0,0,0.477
C0027903,0,0,0,0,0.969
C0001098,0,0,0,0,0.827
C0029911,0,0,0,0,0.475
C0000743,0,0,0,0,0.176
C0001552,0,0,0,0,0.58
C0021714,0,0,0,0,0.075
C0027932,0,0,0,0,0.813
C0011813,0,0,0,0,0.0
C0035153,1,0,0,0,0.222
C0031329,0,0,0,0,0.764
C0010420,0,0,0,0,0.325
C0026576,0,0,0,0,0.659
C0032202,0,0,1,0,0.749
C0049175,0,0,0,0,0.896
C0028780,1,0,0,0,0.441
C0013685,0,0,0,0,0.826
C0024839,0,0,0,0,0.659
C0059883,0,0,0,0,0.559
C0058043,0,0,0,0,0.972
C0001691,0,0,0,0,0.244
C0051861,0,0,0,0,0.329
C0057990,0,0,0,0,0.111
C0015779,0,0,0,0,0.426
C0016214,0,1,0,0,0.347
C0016831,0,0,0,0,0.085
C0006950,1,0,0,1,0.719
C0042249,0,0,0,0,0.491
C0055704,0,0,0,0,0.802
C0024646,0,0,0,0,0.91
C0039970,0,0,0,0,0.9
C0010397,0,0,0,0,0.087
C0021657,0,0,0,0,0.651
C0034720,0,0,0,0,0.086
C0002553,0,0,0,0,0.184
C0004608,0,1,0,1,0.811
C0002156,0,0,0,0,0.429
C0003177,0,0,0,0,0.628
C0022270,0,0,0,0,0.787
C0020065,0,1,0,0,0.897
C0034155,0,0,0,0,0.69
C0028227,0,0,0,0,0.53
C0004641,0,0,0,0,0.844
C0058576,0,0,0,1,0.338
C0041674,0,0,0,0,0.945
C0051720,0,0,0,0,0.062
C0001320,0,0,0,0,0.994
C0045059,0,0,0,0,0.877
C0005795,0,0,0,0,0.612
C0055001,0,0,0,0,0.488
C0012017,0,0,0,0,0.718
C0026872,0,0,0,0,0.622
C0028498,0,0,0,0,0.63
C0004435,0,0,0,1,0.783
C0022941,1,0,0,0,0.136
C0038081,0,0,0,0,0.266
C0038941,0,0,0,1,0.447
C0013493,0,0,0,0,0.503
C0050369,0,0,0,0,0.376
C0003089,0,0,0,1,0.69
C0045451,0,0,0,0,0.157
C0009460,0,0,1,0,0.459
C0012804,1,0,0,1,0.888
C0032003,0,1,0,0,0.611
C0011672,0,0,0,0,0.034
C0054067,0,0,0,0,0.518
C0005065,0,0,0,0,0.273
C0055681,0,0,0,0,0.888
C0013356,0,0,0,0,0.919
C0005960,0,0,0,0,0.843
C0032691,0,0,0,0,0.452
C0051119,0,0,0,0,0.548
C0038844,0,0,0,0,0.935
C0055820,0,0,0,0,0.642
C0029854,0,0,0,0,0.641
C0038345,0,0,0,0,0.63
C0023735,0,0,0,0,0.586
C0003767,0,0,0,0,0.627
C0054226,0,0,0,1,0.926
C0024265,0,0,0,0,0.244
C0003383,0,0,1,0,0.151
C0049985,0,0,0,0,0.593
C0037520,0,0,0,0,0.76
C0040367,0,0,0,0,0.773
C0051286,0,0,0,0,0.446
C0033190,0,0,0,0,0.466
C0037346,0,0,0,0,0.204
C0059625,0,0,0,0,0.315
C0021698,0,0,0,0,0.577
C0024467,0,0,0,0,0.287
C0034552,0,0,1,0,0.804
C0039791,0,1,0,0,0.61
C0016850,0,0,0,0,0.979
C0054012,1,0,0,0,0.798
C0044504,0,0,0,0,0.206
C0021693,0,0,0,0,0.217
C0057078,0,0,1,0,0.371
C0030715,0,0,1,0,0.352
C0038098,0,0,0,1,0.618
C0054577,0,0,0,0,0.744
C0027891,0,0,1,0,0.725
C0010421,0,0,0,0,0.826
C0011621,0,0,0,0,0.058
C0040245,0,0,0,0,0.066
C0004735,0,0,0,0,0.004
C0036404,0,0,0,0,0.804
C0022326,0,0,0,0,0.676
C0056074,0,0,0,0,0.843
C0004613,0,0,0,0,0.076
C0058429,0,0,0,0,0.599
C0011408,0,0,0,0,0.774
C0001710,0,0,0,0,0.499
C0018554,0,0,0,0,0.747
C0018100,1,0,0,0,0.114
C0030897,0,0,0,0,0.859
C0057924,0,0,0,0,0.315
C0008372,0,0,0,0,0.127
C0055480,0,0,0,1,0.29
C0046943,0,0,0,1,0.991
C0059684,0,0,0,0,0.717
C0034782,0,1,0,0,0.827
C0058378,0,0,0,0,0.203
C0007148,0,0,0,0,0.683
C0041647,0,0,0,0,0.026
C0035671,0,0,0,0,0.944
C0037406,0,0,0,0,0.724
C0030056,0,0,0,0,0.637
C0050479,0,0,0,0,0.329
C0018539,0,1,0,0,0.53
C0037410,0,0,0,0,0.593
C0057379,0,0,0,0,0.559
C0021180,0,0,0,0,0.76
C0027529,0,0,1,1,0.187
C0045293,0,0,1,0,0.207
C0054268,0,0,0,0,0.497
C0029159,0,0,0,0,0.468
C0010560,0,0,0,0,0.781
C0022010,0,0,0,0,0.123
C0050467,1,0,0,0,0.36
C0002303,1,0,0,0,0.854
C0013195,0,0,0,0,0.408
C0000311,0,0,0,1,0.807
C0009841,0,0,1,0,0.537
C0023076,0,0,0,0,0.589
C0046176,0,0,0,0,0.554
C0000232,0,0,0,0,0.059
C0041409,0,0,0,0,0.376
C0006473,0,0,0,0,0.696
C0026098,0,0,0,0,0.167
C0045696,0,0,0,0,0.25
C0003403,0,0,0,0,0.608
C0039725,0,0,0,0,0.64
C0037449,0,0,0,0,0.7
C0038021,0,0,0,1,0.13
C0013971,0,0,0,0,0.749
C0005633,0,0,0,0,0.964
C0004980,0,0,0,1,0.896
C0038233,0,0,1,0,0.407
C0011767,0,0,0,1,0.922
C0013757,0,0,0,0,0.141
C0023513,0,0,0,1,0.658
C0034751,0,0,0,0,0.099
C0046333,0,0,0,0,0.119
C0054489,1,0,1,0,0.626
C0045964,0,0,0,0,0.776
C0008001,0,0,0,0,0.278
C0018644,0,0,0,0,0.995
C0059409,0,0,0,0,0.15
C0013062,0,0,0,0,0.523
C0007698,0,0,0,0,0.623
C0022590,0,0,0,0,0.274
C0058398,0,0,0,0,0.487
C0051670,0,0,0,0,0.953
C0010959,0,0,0,0,0.908
C0002417,0,0,0,0,0.584
C0023768,0,0,0,0,0.396
C0041129,0,0,0,0,0.53
C0036416,0,0,0,0,0.045
C0023383,0,0,0,0,0.845
C0036939,0,0,0,0,0.499
C0056524,0,0,0,0,0.366
C0040735,0,0,0,1,0.979
C0044009,0,0,0,1,0.074
C0042816,0,0,0,0,0.55
C0046031,0,0,0,0,0.227
C0000909,0,0,0,0,0.043
C0030171,0,0,0,0,0.057
C0039520,0,0,0,0,0.711
C0021314,0,0,0,0,0.123
C0027477,0,0,0,0,0.017
C0027572,0,0,0,0,0.542
C0053149,0,0,0,0,0.862
C0041798,0,0,0,0,0.572
C0045986,0,0,0,0,0.775
C0044992,0,0,0,0,0.321
C0019938,0,0,0,0,0.974
C0012957,0,0,0,1,0.619
C0010923,0,0,0,0,0.983
C0029392,0,0,0,0,0.719
C0057410,0,0,0,0,0.21
C0044336,0,0,0,0,0.963
C0018255,0,0,0,0,0.801
C0048593,0,0,0,0,0.716
C0004050,0,0,1,0,0.528
C0018885,0,0,0,1,0.311
C0017059,0,0,0,0,0.897
C0002500,0,0,0,0,0.049
C0010819,0,0,0,0,0.999
C0045821,0,0,0,0,0.625
C0003165,0,0,0,0,0.155
C0031781,0,0,0,0,0.561
C0042212,0,0,0,0,0.748
C0016182,0,0,0,0,0.247
C0056669,0,0,0,0,0.289
C0023324,0,0,0,0,0.702
C0018641,0,0,0,0,0.528
C0016547,0,0,1,0,0.279
C0031342,1,0,0,0,0.968
C0000159,0,0,0,0,0.563
C0055955,0,0,0,0,0.714
C0008365,0,1,0,0,0.588
C0047308,0,0,0,0,0.722
C0008017,0,0,0,0,0.961
C0048020,0,0,0,1,0.959
C0018246,0,0,0,0,0.776
C0005807,0,0,0,0,0.098
C0048098,0,0,0,0,0.523
C0011413,0,0,0,0,0.74
C0044462,0,0,0,0,0.038
C0014347,0,0,1,0,0.127
C0040982,0,0,0,1,0.586
C0055015,0,0,0,0,0.871
C0002626,0,0,0,0,0.138
C0007251,0,0,0,0,0.884
C0031613,0,0,0,0,0.99
C0052732,0,0,0,0,0.365
C0018956,0,0,0,0,0.101
C0053820,0,0,0,1,0.191
C0018747,0,0,0,0,0.079
C0049916,0,0,0,0,0.117
C0000942,1,0,0,0,0.848
C0032630,0,0,0,0,0.707
C0039961,0,0,0,0,0.109
C0054204,0,1,0,1,0.807
C0015706,0,0,0,0,0.768
C0055420,0,0,0,0,0.487
C0013699,0,0,0,0,0.484
C0050235,0,0,0,0,0.755
C0052323,0,0,1,0,0.21
C0058870,0,0,0,0,0.548
C0033741,0,0,0,0,0.932
C0053945,1,0,0,0,0.32
C0038217,0,0,0,0,0.8
C0007095,0,0,1,0,0.78
C0032457,0,0,0,0,0.687
C0028100,0,0,0,0,0.162
C0030874,0,0,0,0,0.771
C0040613,0,0,0,0,0.978
C0005668,0,0,0,0,0.578
C0042114,0,0,0,0,0.552
C0012832,0,1,0,0,0.962
C0043424,0,0,0,0,0.777
C0002457,0,0,0,1,0.307
C0002409,0,0,1,0,0.602
C0040512,0,0,0,0,0.869
C0003893,0,0,0,0,0.301
C0005585,0,0,0,0,0.555
C0048489,0,0,0,0,0.782
C0006949,0,0,0,0,0.691
C0010444,0,0,0,0,0.315
C0020868,0,0,0,0,0.312
C0052822,0,0,0,0,0.539
C0047691,0,0,0,0,0.41
C0000939,0,0,0,0,0.712
C0058706,0,0,0,0,0.051
C0051842,0,0,0,0,0.492
C0038139,0,0,0,0,0.02
C0044514,0,0,0,0,0.301
C0007796,1,0,0,0,0.007
C0042879,0,0,0,0,0.584
C0029504,0,0,0,0,0.14
C0000790,0,0,0,0,0.33
C0043895,0,0,0,0,0.46
C0019257,0,0,0,0,0.868
C0010078,0,0,1,0,0.506
C0036480,0,0,0,0,0.256
C0018619,0,0,0,0,0.258
C0034528,0,0,0,0,0.734
C0015970,0,0,0,0,0.086
C0007046,0,0,0,0,0.893
C0029032,0,0,0,0,0.199
C0048266,0,0,1,0,0.391
C0007732,0,0,0,0,0.049
C0049813,0,0,0,1,0.123
C0058085,0,0,0,0,0.482
C0034289,0,0,0,0,0.241
C0037402,0,0,0,0,0.33
C0019155,0,0,0,0,0.701
C0057847,1,0,0,0,0.623
C0047530,1,0,0,0,0.675
C0050026,0,0,0,0,0.324
C0042297,0,0,0,0,0.094
C0005424,0,0,0,0,0.111
C0051373,0,0,0,0,0.764
C0042066,0,1,0,0,0.054
C0001807,0,0,0,0,0.961
C0041198,0,0,0,0,0.416
C0043190,0,0,1,0,0.216
C0029058,0,0,0,0,0.153
C0018843,0,0,0,0,0.401
C0052846,0,0,0,0,0.787
C0011676,0,0,0,0,0.281
C0016154,0,0,0,0,0.683
C0009956,0,0,0,0,0.332
C0030020,0,0,0,0,0.384
C0052076,0,0,0,0,0.477
C0026072,1,0,0,0,0.171
C0052796,0,0,0,0,0.616
C0034540,0,0,0,0,0.2
C0042509,0,0,0,1,0.142
C0006748,0,0,0,0,0.232
C0045991,0,0,0,0,0.395
C0022466,0,0,0,0,0.591
C0051632,0,0,0,0,0.922
C0054863,0,0,0,0,0.34
C0032914,0,0,0,0,0.906
C0023486,0,0,0,0,0.699
C0000704,0,0,0,0,0.657
C0035521,0,0,0,0,0.676
C0040883,0,0,0,0,0.054
C0037858,0,0,0,1,0.043
C0054332,0,0,0,0,0.566
C0042115,0,0,0,0,0.153
C0040777,0,0,0,0,0.663
C0016224,0,0,0,0,0.679
C0055376,0,0,0,1,0.838
C0015984,0,0,1,1,0.973
C0048302,0,0,0,0,0.752
C0046096,0,1,1,0,0.566
C0032230,0,0,0,0,0.712
C0010988,0,0,0,0,0.061
C0042201,0,0,0,0,0.081
C0039944,0,0,0,0,0.394
C0012527,0,0,0,0,0.724
C0026445,0,1,0,0,0.36
C0055364,0,0,0,0,0.307
C0059381,0,0,0,0,0.516
C0058517,0,0,0,0,0.328
C0024444,0,0,0,0,0.655
C0018345,0,0,0,0,0.404
C0003573,0,0,0,0,0.895
C0029115,0,0,0,0,0.791
C0059723,0,1,0,0,0.805
C0029489,0,0,1,0,0.621
C0017742,0,0,0,1,0.894
C0037208,0,0,0,1,0.064
C0053637,0,0,0,0,0.213
C0019676,0,0,0,0,0.936
C0048744,0,0,0,0,0.849
C0058930,0,0,1,0,0.761
C0034107,0,0,0,0,0.609
C0020677,0,0,0,0,0.876
C0027184,1,0,0,0,0.341
C0049053,0,0,0,0,0.9
C0045899,0,0,0,0,0.37
C0025519,0,0,0,0,0.457
C0044211,0,0,0,0,0.407
C0053903,0,0,1,0,0.088
C0020614,0,0,0,0,0.303
C0042415,1,0,0,0,0.257
C0058299,0,0,0,0,0.235
C0056469,0,0,0,0,0.363
C0029421,0,0,0,1,0.267
C0056965,0,0,0,0,0.91
C0009205,0,0,0,0,0.19
C0040146,0,0,1,0,0.461
C0002931,0,0,1,0,0.472
C0009574,0,0,0,0,0.794
C0016220,0,0,0,0,0.766
C0006578,0,0,0,1,0.91
C0050675,0,0,0,0,0.094
C0018375,0,0,0,0,0.112
C0017667,0,0,0,1,0.507
C0016604,0,0,0,0,0.101
C0019833,0,0,0,0,0.657
C0026885,0,0,0,0,0.089
C0027393,0,0,0,1,0.126
C0041723,0,0,0,0,0.792
C0007243,1,0,0,0,0.34
C0011041,0,0,0,0,0.728
C0025277,0,0,0,0,0.788
C0046314,0,0,0,0,0.846
C0051855,0,0,0,0,0.268
C0040248,0,0,0,0,0.849
C0033420,0,0,0,0,0.721
C0027130,0,0,1,0,0.42
C0016057,0,0,0,0,0.411
C0020646,0,0,0,0,0.16
C0027833,0,0,0,0,0.253
C0018491,0,0,0,0,0.517
C0034121,0,0,0,0,0.794
C0046134,0,0,0,0,0.669
C0019700,0,0,0,0,0.559
C0022265,0,0,0,0,0.747
C0004998,0,0,0,0,0.123
C0020266,0,0,0,0,0.072
C0059801,0,0,0,0,0.235
C0055294,0,0,0,0,0.809
C0001750,0,0,0,0,0.954
C0007915,0,0,0,0,0.44
C0035199,0,0,0,0,0.399
C0026296,1,0,0,0,0.237
C0005173,0,0,0,0,0.25
C0006142,0,0,0,0,0.002
C0015058,0,0,0,0,0.413
C0024813,0,0,0,0,0.981
C0013296,1,0,0,0,0.477
C0014697,0,0,0,0,0.335
C0000892,0,0,0,0,0.365
C0041214,0,0,0,0,0.723
C0009176,0,1,1,0,0.222
C0047056,0,1,0,0,0.392
C0012051,0,0,0,0,0.482
C0036649,0,0,0,0,0.786
C0002317,0,0,0,0,0.402
C0056880,0,0,0,0,0.355
C0028332,0,0,0,0,0.484
C0017518,0,0,0,0,0.802
C0022162,0,0,0,0,0.495
C0019725,0,0,0,0,0.931
C0014713,1,0,0,0,0.636
C0031150,0,0,0,0,0.913
C0019047,0,0,1,0,0.964
C0033914,0,0,0,0,0.123
C0053777,0,0,0,1,0.979
C0026032,0,0,0,0,0.55
C0055584,0,0,0,0,0.371
C0043461,0,0,0,1,0.01
C0000831,0,0,0,0,0.925
C0039240,0,0,0,0,0.259
C0053682,0,0,0,0,0.14
C0020252,0,0,0,0,0.809
C0015253,0,0,0,0,0.844
C0053917,0,0,0,0,0.678
C0021608,0,0,0,0,0.082
C0026624,0,0,0,0,0.165
C0015616,0,0,0,0,0.044
C0004169,0,0,0,0,0.133
C0001778,0,0,0,0,0.033
C0015987,0,0,0,0,0.209
C0018584,0,0,0,0,0.28
C0058553,1,0,1,0,0.035
C0058259,0,0,0,0,0.967
C0026733,0,0,0,0,0.001
C0036902,0,0,0,0,0.494
C0019416,0,0,0,0,0.458
C0008651,0,0,0,0,0.139
C0013328,0,0,0,1,0.291
C0041927,0,0,0,0,0.7
C0043547,0,0,0,0,0.556
C0054873,0,0,0,0,0.751
C0048704,0,0,0,0,0.605
C0034287,0,0,1,0,0.009
C0021524,0,0,0,0,0.95
C0031299,0,0,0,0,0.88
C0035265,1,0,0,0,0.992
C0020314,0,0,0,0,0.18
C0059041,0,1,0,0,0.386
C0045644,0,0,0,0,0.761
C0058938,0,0,1,0,0.283
C0037891,0,0,0,0,0.01
C0047762,0,0,0,0,0.705
C0000435,0,0,0,0,0.387
C0012912,0,0,0,0,0.696
C0001152,0,0,0,0,0.243
C0038505,0,0,0,0,0.584
C0005814,0,0,0,0,0.095
C0024018,0,0,0,0,0.513
C0041732,0,0,0,0,0.34
C0042335,0,0,0,0,0.539
C0004015,0,0,0,0,0.204
C0050988,0,0,0,0,0.11
C0053743,1,0,0,0,0.346
C0054369,1,0,0,0,0.211
C0054901,0,0,0,0,0.375
C0020525,0,0,0,0,0.252
C0055424,1,0,0,0,0.356
C0011837,0,0,0,0,0.998
C0043412,0,0,0,0,0.366
C0038091,0,0,1,0,0.443
C0015401,0,0,0,0,0.717
C0017537,0,0,0,0,0.935
C0047789,0,0,0,0,0.88
C0001252,0,0,0,0,0.026
C0052936,0,0,0,0,0.972
C0012202,0,0,0,0,0.067
C0046733,0,0,0,0,0.383
C0006921,0,0,1,0,0.336
C0051503,0,0,0,0,0.349
C0032351,0,0,0,0,0.416
C0013690,0,0,0,0,0.988
C0034318,0,0,0,0,0.011
C0056988,0,0,0,0,0.692
C0058071,0,0,1,0,0.744
C0041861,0,0,1,1,0.959
C0028893,0,0,0,0,0.909
C0025090,0,0,0,0,0.282
C0018867,0,0,0,0,0.877
C0028630,0,0,0,1,0.621
C0014861,0,0,0,0,0.566
C0058942,0,0,0,0,0.726
C0034101,0,0,0,1,0.362
C0038880,0,0,0,0,0.543
C0043510,0,0,0,0,0.412
C0011126,0,0,0,1,0.05
C0047440,0,0,0,0,0.182
C0044101,0,0,0,0,0.027
C0031621,0,0,0,1,0.519
C0030307,0,0,0,0,0.815
C0042732,0,0,0,0,0.797
C0028762,0,0,0,0,0.332
C0009454,0,0,0,0,0.948
C0040906,0,0,0,0,0.388
C0036275,0,0,0,0,0.822
C0010508,0,0,0,0,0.797
C0000424,0,0,0,1,0.826
C0037794,0,0,0,1,0.935
C0035207,0,0,0,0,0.861
C0046977,0,0,0,0,0.189
C0048016,0,0,0,0,0.625
C0019368,0,0,1,0,0.962
C0044434,0,0,0,0,0.199
C0009353,1,0,0,0,0.241
C0002695,0,0,0,0,0.224
C0032661,0,0,0,0,0.8
C0008247,0,0,0,0,0.43
C0006198,0,0,0,0,0.927
C0017796,0,0,0,0,0.868
C0008992,0,0,0,0,0.039
C0038143,0,0,1,0,0.845
C0024625,0,0,0,0,0.565
C0051463,0,0,0,0,0.551
C0055257,0,0,0,0,0.996
C0031902,0,0,0,0,0.345
C0002008,0,0,1,0,0.239
C0010506,0,0,0,0,0.118
C0029633,0,0,0,0,0.994
C0027102,0,0,0,0,0.729
C0031705,0,0,0,1,0.494
C0051038,0,0,0,0,0.986
C0040921,0,0,0,0,0.668
C0007256,0,0,0,0,0.551
C0019187,0,0,0,1,0.047
C0023763,0,0,0,1,0.863
C0046726,0,0,0,0,0.878
C0014108,0,0,0,0,0.525
C0048840,0,0,0,0,0.224
C0021893,0,0,0,0,0.676
C0049212,0,0,0,0,0.609
C0019720,0,0,0,0,0.311
C0021828,0,0,0,0,0.747
C0001349,0,0,0,0,0.47
C0019171,0,0,0,0,0.81
C0039999,0,0,0,0,0.139
C0053465,0,0,0,1,0.446
C0018935,0,0,0,1,0.76
C0046080,0,0,0,0,0.141
C0041056,0,0,0,0,0.451
C0012949,0,0,0,0,0.927
C0048940,0,0,0,0,0.939
C0025302,0,0,0,1,0.064
C0045189,0,0,0,0,0.066
C0034171,0,0,0,0,0.826
C0033918,1,0,0,0,0.728
C0059030,0,0,0,0,0.969
C0010105,0,0,0,0,0.198
C0042582,0,0,0,0,0.764
C0018722,0,0,0,0,0.614
C0000428,0,0,1,0,0.658
C0017925,1,0,0,0,0.157
C0029490,0,0,0,0,0.851
C0050547,1,0,0,0,0.945
C0027459,0,0,0,0,0.809
C0006535,0,0,0,0,0.353
C0023172,0,0,0,0,0.384
C0047965,0,0,0,0,0.153
C0030136,0,0,0,1,0.902
C0046087,0,0,0,0,0.956
C0027355,0,0,0,0,0.857
C0056893,0,0,0,1,0.378
C0031295,0,0,0,0,0.288
C0024717,0,0,0,0,0.874
C0028962,0,0,0,0,0.534
C0013228,0,0,0,0,0.489
C0007730,0,0,0,0,0.51
C0049992,0,0,1,0,0.052
C0034316,0,0,0,0,0.682
C0002067,0,0,0,0,0.198
C0007049,0,0,0,0,0.36
C0033592,1,0,1,0,0.405
C0048122,0,0,0,1,0.026
C0048137,0,0,0,0,0.949
C0012843,0,0,0,0,0.587
C0002172,0,0,0,0,0.372
C0022369,0,0,0,0,0.51
C0046419,0,0,0,0,0.4
C0032041,0,0,0,0,0.826
C0041574,0,0,0,0,0.497
C0031374,1,0,0,0,0.869
C0048108,0,0,0,0,0.08
C0054695,0,0,0,0,0.05
C0030217,0,0,0,0,0.759
C0008330,0,0,0,0,0.649
C0038954,0,0,0,0,0.733
C0025884,0,0,0,0,0.45
C0054279,0,0,1,0,0.703
C0036550,0,0,0,1,0.151
C0031346,0,0,0,0,0.729
C0036083,0,0,0,0,0.005
C0057545,0,0,0,0,0.872
C0043833,0,0,0,0,0.693
C0055068,0,0,0,0,0.851
C0005271,0,0,0,0,0.58
C0040290,0,0,1,0,0.817
C0056182,0,0,0,0,0.414
C0051288,0,0,0,0,0.111
C0046648,0,0,0,0,0.682
C0026706,0,0,0,0,0.323
C0026589,0,0,0,0,0.827
C0020809,0,0,0,0,0.228
C0028961,0,0,0,0,0.146
C0051339,0,0,0,0,0.155
C0027562,0,0,0,0,0.384
C0005636,0,0,0,0,0.79
C0057156,0,0,0,0,0.476
C0039802,0,0,0,0,0.923
C0038459,0,0,0,0,0.654
C0005483,0,0,0,1,0.411
C0047964,0,0,0,0,0.271
C0009196,0,0,0,0,0.848
C0055473,0,0,0,0,0.702
C0022507,1,0,0,1,0.069
C0051744,0,0,0,0,0.72
C0050702,0,0,0,0,0.957
C0004281,0,0,1,0,0.203
C0010440,0,0,0,1,0.18
C0012341,0,0,0,0,0.827
C0009946,0,0,0,0,0.544
C0043741,0,0,0,0,0.21
C0030264,0,0,0,0,0.449
C0006283,0,0,0,0,0.118
C0038292,0,0,0,0,0.813
C0020669,0,0,0,1,0.871
C0024811,0,0,0,0,0.133
C0044847,0,0,0,1,0.771
C0054657,0,0,0,0,0.908
C0027138,0,0,1,0,0.051
C0026119,0,0,0,1,0.561
C0026219,0,0,0,0,0.704
C0026894,0,1,1,0,0.712
C0046474,0,0,0,0,0.87
C0040640,0,0,0,0,0.98
C0038884,0,0,0,0,0.854
C0004208,0,0,1,0,0.246
C0012109,0,0,0,0,0.262
C0008111,1,0,0,0,0.814
C0017126,0,0,0,0,0.237
C0047245,0,0,0,0,0.171
C0012663,0,0,0,0,0.737
C0058241,0,0,0,0,0.975
C0038245,0,0,0,0,0.154
C0036519,0,0,0,0,0.934
C0004995,0,0,0,1,0.74
C0026396,0,0,0,0,0.545
C0000379,0,0,0,0,0.596
C0025227,0,0,0,0,0.226
C0042495,0,0,0,1,0.367
C0027564,0,0,0,0,0.689
C0016802,1,0,0,0,0.17
C0053827,0,0,0,0,0.025
C0000807,0,0,0,0,0.787
C0007579,0,0,0,0,0.985
C0031690,0,0,0,0,0.084
C0009255,0,0,0,0,0.057
C0049508,0,0,0,0,0.319
C0025936,0,0,0,0,0.61
C0037625,0,0,0,0,0.998
C0017938,0,0,0,0,0.067
C0048227,0,0,0,0,0.49
C0014237,0,1,0,0,0.739
C0025616,0,0,0,0,0.09
C0029621,0,0,0,0,0.359
C0009284,0,0,0,0,0.179
C0044154,0,0,0,1,0.011
C0044714,0,0,0,0,0.056
C0009189,0,0,0,0,0.495
C0048475,0,0,0,0,0.146
C0020725,0,0,0,0,0.859
C0021384,0,0,0,1,0.283
C0003561,0,0,0,0,0.825
C0025837,0,0,0,0,0.631
C0001210,1,0,1,0,0.22
C0049883,0,0,0,0,0.483
C0021127,0,0,0,0,0.014
C0014627,0,0,1,0,0.156
C0019682,0,0,1,0,0.849
C0030189,0,0,0,0,0.494
C0038855,0,0,0,0,0.074
C0019754,0,0,0,0,0.028
C0021638,0,0,0,0,0.461
C0000979,0,0,0,1,0.627
C0048591,0,0,0,0,0.793
C0032813,0,0,0,0,0.903
C0009002,0,0,1,0,0.8
C0028977,0,0,0,0,0.791
C0014802,0,0,0,0,0.191
C0045580,0,0,0,0,0.934
C0051123,0,0,0,0,0.914
C0007745,0,0,0,1,0.385
C0038144,0,0,0,0,0.853
C0028951,0,0,0,0,0.031
C0001503,0,0,0,0,0.554
C0042294,0,0,0,0,0.121
C0049045,0,0,0,1,0.391
C0004710,0,0,0,0,0.273
C0012046,0,0,0,0,0.149
C0002768,0,0,1,0,0.878
C0024103,0,0,0,0,0.739
C0006851,0,0,1,0,0.707
C0035788,0,0,0,0,0.25
C0004603,0,0,0,0,0.442
C0002224,0,0,0,0,0.357
C0012616,0,0,0,0,0.107
C0024620,0,0,0,0,0.506
C0047708,0,0,1,0,0.953
C0045649,0,0,0,0,0.386
C0051906,0,0,0,0,0.898
C0006916,0,0,0,0,0.622
C0050770,0,0,0,1,0.716
C0006307,0,0,0,0,0.011
C0033203,0,0,0,0,0.558
C0008794,0,0,0,0,0.295
C0039455,0,0,0,1,0.937
C0045187,0,1,0,0,0.914
C0033890,0,0,0,0,0.31
C0046849,0,0,0,0,0.602
C0046885,0,0,0,0,0.347
C0014495,0,0,0,0,0.13
C0049371,0,0,0,0,0.584
C0013615,0,0,0,0,0.854
C0023953,0,0,0,0,0.24
C0026670,0,0,0,0,0.717
C0051441,0,0,0,0,0.486
C0031744,0,0,0,0,0.393
C0016691,0,0,0,0,0.836
C0049026,0,0,0,0,0.344
C0020356,0,0,0,0,0.021
C0045109,0,0,0,0,0.971
C0024905,0,0,0,0,0.691
C0039138,0,1,0,0,0.749
C0001950,0,0,1,0,0.559
C0006505,1,0,0,0,0.453
C0042191,0,0,0,0,0.425
C0001329,0,0,0,0,0.728
C0020162,0,0,1,0,0.46
C0032284,1,0,0,0,0.861
C0004947,0,0,0,0,0.827
C0018985,0,0,0,0,0.5
C0024267,0,0,0,0,0.921
C0009990,0,0,0,0,0.074
C0056064,0,0,0,0,0.676
C0054377,1,0,0,0,0.874
C0028267,0,0,0,0,0.535
C0054952,0,0,0,0,0.687
C0012905,0,0,0,0,0.397
C0020076,1,0,0,0,0.009
C0030936,0,0,0,1,0.449
C0035365,0,0,0,0,0.799
C0039801,0,0,0,0,0.372
C0051712,1,1,0,0,0.372
C0018354,0,0,1,0,0.349
C0038869,0,0,0,0,0.776
C0023796,0,0,0,0,0.214
C0044022,0,0,0,0,0.53
C0033879,0,0,0,0,0.918
C0023544,1,0,0,0,0.5
C0033897,0,0,0,0,0.42
C0030856,0,0,0,1,0.955
C0013903,0,0,0,0,0.865
C0005463,0,0,1,0,0.208
C0025308,0,0,0,0,0.824
C0040154,0,0,0,0,0.352
C0041790,0,0,0,0,0.384
C0000506,1,0,0,0,0.352
C0044783,1,0,0,0,0.724
C0000644,0,0,0,0,0.247
C0014423,0,0,0,0,0.092
C0023128,1,0,0,0,0.639
C0012114,0,0,0,0,0.443
C0045510,0,0,0,0,0.32
C0016981,0,0,0,0,0.896
C0008459,0,0,0,0,0.343
C0020351,1,0,0,0,0.998
C0046261,0,0,0,0,0.433
C0056432,0,0,0,0,0.002
C0056779,0,0,0,0,0.355
C0050906,0,0,0,0,0.069
C0026140,0,0,0,0,0.174
C0002962,0,0,0,0,0.183
C0055694,0,0,0,0,0.304
C0021546,0,0,0,0,0.745
C0055659,0,0,0,0,0.323
C0003231,0,0,0,0,0.261
C0014778,0,0,0,1,0.392
C0058046,1,0,0,0,0.656
C0033844,0,0,0,0,0.32
C0020010,0,0,0,0,0.702
C0051368,0,0,0,0,0.398
C0058749,0,0,0,0,0.959
C0009499,0,0,0,0,0.348
C0028164,0,0,0,0,0.727
C0056715,0,0,0,0,0.569
C0051353,0,0,0,0,0.229
C0000199,0,0,1,1,0.395
C0049102,0,0,0,1,0.389
C0024909,0,0,0,0,0.758
C0006638,0,0,0,0,0.293
C0036140,0,0,0,0,0.184
C0058082,0,0,0,0,0.547
C0018272,0,0,0,0,0.456
C0017982,0,0,0,0,0.204
C0002970,0,0,0,0,0.417
C0027601,0,0,0,0,0.569
C0033258,0,0,0,0,0.896
C0043064,0,0,0,0,0.912
C0029525,0,0,0,1,0.017
C0018263,0,0,0,0,0.688
C0004474,0,0,0,0,0.241
C0026360,0,0,0,0,0.455
C0027548,0,0,0,1,0.77
C0031493,0,0,0,0,0.826
C0016752,0,0,0,0,0.764
C0034932,0,0,0,0,0.295
C0018299,0,0,0,0,0.15
C0011844,0,0,0,0,0.241
C0041075,0,0,0,0,0.958
C0035360,0,0,0,0,0.395
C0038794,0,0,0,0,0.905
C0003621,0,0,0,0,0.442
C0034212,0,0,1,0,0.513
C0035630,0,0,1,0,0.773
C0005456,0,0,0,0,0.527
C0001131,0,0,0,0,0.705
C0055520,0,0,0,0,0.05
C0050528,0,0,0,0,0.46
C0002752,0,0,0,0,0.421
C0017292,0,0,0,0,0.828
C0057599,0,0,0,0,0.605
C0059711,0,0,1,0,0.687
C0005987,0,0,0,0,0.958
C0057465,0,0,0,0,0.154
C0001810,0,0,0,0,0.789
C0039392,0,0,0,0,0.601
C0023250,0,0,1,0,0.384
C0059058,0,1,0,0,0.621
C0044305,1,0,0,0,0.901
C0059102,0,0,0,0,0.104
C0053645,0,0,0,0,0.783
C0038417,0,0,0,0,0.939
C0016189,0,0,0,0,0.571
C0026639,1,0,0,0,0.113
C0055100,0,0,0,0,0.177
C0039218,0,0,0,0,0.404
C0048423,0,0,0,0,0.894
C0040032,0,0,0,0,0.723
C0037431,0,0,0,0,0.325
C0040519,0,0,0,0,0.161
C0002311,0,0,0,0,0.694
C0017884,0,0,0,0,0.782
C0039381,0,0,0,0,0.16
C0043456,0,0,0,1,0.299
C0015673,1,0,0,0,0.709
C0021588,0,1,0,0,0.69
C0011871,0,0,0,0,0.654
C0007947,0,0,0,0,0.729
C0039875,0,0,0,0,0.088
C0010111,0,0,0,0,0.589
C0001013,0,0,0,0,0.203
C0059821,0,0,0,0,0.38
C0034576,1,0,0,0,0.612
C0017214,0,0,0,0,0.83
C0058847,0,0,0,0,0.264
C0000601,0,0,0,0,0.233
C0039697,0,0,0,0,0.398
C0050442,0,0,0,1,0.522
C0034865,0,0,0,0,0.383
C0052402,0,0,0,0,0.07
C0037830,0,0,1,0,0.683
C0056388,0,0,0,0,0.275
C0029113,0,0,0,0,0.643
C0042726,0,0,0,0,0.698
C0027310,0,1,0,0,0.45
C0049417,0,0,0,0,0.637
C0007979,0,0,0,0,0.027
C0002560,0,0,0,1,0.89
C0058762,0,0,0,0,0.026
C0025713,0,0,0,0,0.067
C0040678,0,0,0,0,0.94
C0059590,0,0,0,0,0.287
C0041957,0,0,1,0,0.017
C0023939,0,1,0,0,0.305
C0017869,0,0,0,0,0.208
C0043400,0,0,0,0,0.803
C0015484,0,0,0,0,0.846
C0002185,0,0,0,0,0.407
C0008878,0,0,0,0,0.282
C0059768,0,0,0,0,0.788
C0037703,0,0,0,0,0.203
C0025703,0,0,0,0,0.425
C0003289,0,0,0,0,0.804
C0042470,0,0,0,0,0.346
C0018579,0,0,0,0,0.003
C0032015,0,0,0,0,0.638
C0016484,0,0,0,0,0.426
C0009338,0,0,0,0,0.904
C0005450,0,0,0,0,0.087
C0038268,0,0,0,0,0.569
C0016269,0,0,0,0,0.994
C0014789,0,0,0,0,0.377
C0032474,1,0,0,0,0.006
C0050456,0,0,0,0,0.163
C0058940,0,0,0,0,0.362
C0005720,0,0,0,0,0.08
C0038998,0,0,0,0,0.805
C0000815,0,0,0,0,0.483
C0051197,0,0,0,1,0.803
C0015617,0,0,0,0,0.925
C0058369,0,1,0,0,0.212
C0044440,0,0,0,0,0.034
C0053639,0,0,0,0,0.167
C0041852,1,0,0,0,0.568
C0056796,0,0,0,0,0.689
C0021294,0,0,0,0,0.223
C0045812,0,0,0,0,0.997
C0004240,0,0,0,0,0.316
C0015288,0,0,0,0,0.126
C0052625,0,0,0,0,0.811
C0033411,0,0,0,0,0.192
C0026495,0,0,0,0,0.526
C0041869,0,0,0,0,0.845
C0008474,0,0,0,0,0.862
C0007130,0,0,0,0,0.896
C0038155,0,0,0,0,0.983
C0022818,0,0,0,0,0.952
C0050255,0,0,1,1,0.964
C0009414,0,0,0,0,0.641
C0058158,0,0,0,0,0.622
C0054118,0,0,0,0,0.442
C0049930,0,0,0,1,0.631
C0038709,0,0,0,0,0.073
C0018524,0,0,0,0,0.914
C0017220,0,0,0,0,0.019
C0017800,0,0,0,0,0.741
C0011057,0,0,0,0,0.591
C0001772,0,0,0,0,0.644
C0051229,0,0,0,0,0.602
C0041407,0,0,0,0,0.573
C0023066,0,0,0,0,0.457
C0011569,0,0,1,0,0.016
C0044563,0,0,0,1,0.108
C0041616,0,1,0,0,0.983
C0000863,0,0,0,0,0.977
C0001293,0,0,0,0,0.23
C0041756,0,0,0,1,0.702
C0038089,0,0,0,0,0.952
C0040943,0,0,1,0,0.087
C0046510,0,0,0,0,0.972
C0014710,0,0,0,0,0.445
C0012926,0,0,0,0,0.347
C0014364,0,0,0,0,0.215
C0011044,0,0,0,1,0.013
C0039323,0,0,0,0,0.906
C0052541,0,0,0,0,0.901
C0011405,0,0,0,0,0.222
C0038464,0,0,0,0,0.48
C0012515,0,0,0,0,0.841
C0015568,0,0,0,1,0.453
C0047735,0,0,0,0,0.685
C0016886,0,0,0,0,0.454
C0033153,0,0,0,0,0.157
C0017471,0,0,0,0,0.722
C0020108,0,0,0,0,0.762
C0029220,0,0,0,0,0.025
C0005738,0,0,0,0,0.887
C0052098,0,0,0,0,0.528
C0015304,0,0,0,0,0.13
C0004736,0,0,0,1,0.884
C0037339,0,0,0,0,0.781
C0024362,0,0,0,0,0.244
C0015696,0,0,0,0,0.956
C0035668,0,0,1,0,0.412
C0011949,0,0,0,0,0.264
C0008344,0,0,0,0,0.945
C0047776,0,0,0,0,0.536
C0034498,0,0,0,0,0.055
C0055472,1,0,0,0,0.418
C0058695,0,0,0,0,0.039
C0008065,0,0,0,0,0.245
C0026199,0,0,0,1,0.714
C0018284,0,0,0,0,0.073
C0055974,0,0,0,0,0.248
C0031627,0,0,0,0,0.369
C0019330,0,0,0,0,0.026
C0058561,1,0,0,0,0.804
C0017651,0,0,0,0,0.996
C0007855,0,0,0,0,0.355
C0046508,0,0,0,0,0.827
C0045921,0,0,0,0,0.669
C0056202,0,0,0,0,0.656
C0019038,0,0,1,0,0.392
C0027605,1,0,0,0,0.145
C0052299,0,1,0,0,0.715
C0018578,0,0,0,0,0.438
C0055922,0,0,0,0,0.826
C0038212,0,0,0,0,0.79
C0046667,0,0,0,0,0.715
C0043102,0,0,0,1,0.474
C0042051,0,0,0,0,0.169
C0058861,0,0,0,0,0.323
C0047563,0,0,0,0,0.397
C0020339,0,0,0,0,0.222
C0047018,0,0,0,0,0.542
C0027273,0,0,0,0,0.548
C0044184,0,0,0,0,0.209
C0034266,0,0,0,0,0.544
C0005279,1,0,0,0,0.048
C0033191,0,0,0,0,0.835
C0037681,0,0,0,0,0.462
C0001207,0,0,0,0,0.8
C0041319,0,0,0,0,0.543
C0025264,0,0,0,0,0.076
C0043420,0,0,0,0,0.009
C0011388,0,0,0,0,0.883
C0056849,0,0,0,0,0.238
C0001520,0,0,0,0,0.463
C0015409,0,0,0,0,0.604
C0046154,0,0,1,0,0.95
C0006400,0,0,1,0,0.822
C0041447,0,0,0,1,0.135
C0038308,0,1,0,0,0.993
C0058290,0,0,0,1,0.299
C0043623,0,0,0,0,0.172
C0022866,1,0,0,0,0.896
C0046226,0,0,1,1,0.536
C0005055,0,0,0,1,0.45
C0022903,0,0,0,0,0.111
C0022242,0,0,0,0,0.71
C0059071,0,0,0,0,0.218
C0048905,0,0,0,0,0.039
C0004913,0,0,0,0,0.98
C0028425,0,0,0,0,0.934
C0015023,0,0,0,0,0.478
C0025880,0,0,0,1,0.49
C0057227,0,0,0,0,0.491
C0033456,0,0,0,0,0.729
C0047083,0,0,0,0,0.328
C0022486,0,0,0,1,0.949
C0024348,0,0,0,1,0.631
C0047146,0,0,0,0,0.54
C0043900,0,0,0,0,0.639
C0016149,0,0,0,0,0.026
C0005441,0,0,1,0,0.722
C0014968,0,0,0,0,0.507
C0051650,0,0,0,0,0.865
C0027290,0,0,0,0,0.222
C0023086,1,0,0,1,0.497
C0038088,0,0,0,0,0.711
C0027091,1,0,0,1,0.292
C0044760,0,0,0,0,0.539
C0020450,0,0,0,0,0.449
C0057804,0,0,0,0,0.65
C0006775,0,0,0,1,0.067
C0058310,0,0,0,0,0.702
C0046530,0,0,0,0,0.77
C0028056,0,0,0,0,0.215
C0012203,0,0,0,0,0.602
C0036088,0,0,0,1,0.155
C0043086,0,0,0,0,0.388
C0057070,0,0,1,0,0.778
C0005208,0,0,0,0,0.12
C0005998,0,0,0,0,0.877
C0019234,0,0,0,0,0.457
C0044488,0,0,0,0,0.882
C0053441,0,0,0,0,0.976
C0049403,0,0,0,1,0.897
C0009206,0,0,1,0,0.629
C0051832,0,0,0,0,0.265
C0059432,0,0,0,0,0.957
C0032525,0,0,0,0,0.399
C0046439,0,0,0,0,0.934
C0059235,0,0,0,0,0.277
C0052055,0,0,0,0,0.637
C0019547,0,0,0,0,0.122
C0027921,0,0,0,0,0.833
C0026093,0,1,1,1,0.235
C0018426,1,0,0,0,0.774
C0044635,0,0,0,0,0.774
C0034156,0,0,0,0,0.082
C0004188,0,0,0,1,0.946
C0059334,0,0,1,0,0.132
C0038918,0,0,0,0,0.17
C0027329,0,0,0,0,0.216
C0051949,0,0,0,0,0.429
C0026011,0,0,0,0,0.716
C0013227,0,0,0,0,0.614
C0051485,0,0,0,0,0.771
C0042843,0,0,0,0,0.022
C0043824,0,0,0,0,0.459
C0020994,1,0,0,0,0.7
C0029245,0,0,1,0,0.013
C0016442,0,0,0,0,0.951
C0006057,0,0,0,0,0.754
C0052430,1,1,0,0,0.473
C0058006,0,0,0,0,0.152
C0035394,0,0,0,1,0.51
C0042345,0,0,0,0,0.14
C0055685,0,0,0,0,0.027
C0029976,0,0,0,0,0.673
C0049859,0,0,0,0,0.614
C0012346,0,0,0,0,0.148
C0059410,0,0,0,0,0.15
C0049740,0,0,0,0,0.67
C0019589,0,0,0,0,0.5
C0059027,0,0,0,0,0.029
C0034479,0,0,0,0,0.01
C0021061,0,0,0,0,0.933
C0019942,0,0,0,1,0.858
C0008941,1,0,1,1,0.415
C0040669,0,0,0,0,0.405
C0022025,0,0,0,0,0.563
C0058316,0,0,0,1,0.22
C0003623,0,0,0,0,0.336
C0012131,0,0,0,0,0.384
C0002286,0,0,0,0,0.425
C0037947,1,0,0,0,0.665
C0034293,0,0,0,0,0.245
C0003987,0,0,1,0,0.048
C0022304,0,0,0,0,0.863
C0032771,0,0,0,0,0.315
C0011111,0,0,0,0,0.858
C0053847,0,0,0,1,0.487
C0033868,0,0,0,0,0.02
C0026553,0,0,0,0,0.663
C0038283,0,0,0,0,0.999
C0020346,1,0,0,0,0.319
C0007382,0,0,0,0,0.89
C0014792,0,0,0,0,0.44
C0044943,0,0,0,0,0.252
C0002353,0,0,1,0,0.027
C0057430,0,0,0,0,0.314
C0053761,0,0,0,0,0.799
C0042783,0,0,0,0,0.575
C0040312,0,0,0,0,0.354
C0047522,0,0,0,0,0.506
C0033812,0,0,0,0,0.142
C0032296,0,0,0,0,0.893
C0001703,0,0,1,0,0.072
C0045410,0,0,0,0,0.697
C0003066,0,0,0,1,0.104
C0049860,0,0,0,0,0.492
C0026158,0,0,0,0,0.35
C0031564,0,0,0,0,0.624
C0056358,0,0,0,0,0.635
C0006359,0,0,0,0,0.607
C0059696,0,0,0,0,0.46
C0006937,0,0,0,1,0.41
C0038255,0,0,0,0,0.001
C0011314,0,1,0,1,0.943
C0023041,0,0,0,0,0.436
C0003440,0,0,0,0,0.375
C0051659,0,0,0,1,0.168
C0013997,0,0,0,0,0.585
C0020151,0,0,0,0,0.649
C0056070,0,0,0,0,0.561
C0026551,0,0,0,0,0.56
C0049790,0,0,0,0,0.407
C0048380,0,0,0,1,0.99
C0023024,1,0,0,0,0.391
C0057917,0,0,0,0,0.49
C0044087,0,0,0,0,0.753
C0031973,0,0,0,1,0.199
C0036729,0,0,0,0,0.039
C0022124,0,0,0,1,0.945
C0036611,0,0,0,0,0.775
C0034685,0,0,0,0,0.926
C0011208,0,0,1,0,0.899
C0029898,0,0,0,0,0.745
C0039773,0,0,0,0,0.934
C0023397,0,0,1,1,0.409
C0045813,0,0,0,0,0.992
C0022857,0,0,0,0,0.773
C0039664,0,0,0,0,0.924
C0031918,0,0,0,0,0.674
C0041368,0,0,0,1,0.346
C0048333,0,0,0,0,0.219
C0002054,0,0,0,0,0.389
C0033610,0,0,0,0,0.613
C0007893,0,0,0,0,0.75
C0009641,0,0,0,0,0.9
C0034983,0,0,0,0,0.07
C0034765,0,0,0,0,0.516
C0043341,0,0,0,0,0.931
C0027963,0,0,0,0,0.874
C0007952,0,0,0,0,0.103
C0046529,1,0,1,0,0.236
C0008264,0,0,0,1,0.345
C0007817,0,1,1,0,0.698
C0005479,0,0,0,0,0.418
C0032654,0,0,0,0,0.889
C0055178,0,0,0,0,0.588
C0028617,0,0,0,0,0.836
C0012073,0,0,0,0,0.511
C0014025,0,0,1,0,0.443
C0020698,0,0,0,0,0.639
C0035310,0,0,0,0,0.066
C0026270,0,0,0,0,0.837
C0017260,0,0,0,0,0.63
C0000616,0,0,0,0,0.912
C0056313,0,0,0,0,0.129
C0042639,0,0,0,0,0.105
C0005751,0,0,0,0,0.429
C0026157,0,1,0,0,0.615
C0015981,0,0,0,0,0.255
C0026192,0,0,0,0,0.7
C0040442,0,0,0,0,0.152
C0010432,0,0,0,0,0.704
C0011884,0,1,0,0,0.716
C0021445,0,0,1,0,0.782
C0046303,0,0,0,0,0.987
C0052614,0,0,0,0,0.157
C0024409,0,0,0,0,0.065
C0044753,0,0,0,0,0.024
C0053871,0,0,0,0,0.027
C0020873,0,0,0,0,0.418
C0013599,0,0,0,0,0.892
C0039628,0,0,0,0,0.906
C0035470,0,0,0,1,0.118
C0032150,0,0,0,1,0.757
C0049697,0,0,0,0,0.231
C0012852,0,0,0,0,0.106
C0019328,0,0,0,0,0.891
C0048822,0,0,0,0,0.627
C0021118,0,0,0,0,0.124
C0058699,0,0,0,0,0.723
C0021838,0,0,1,0,0.163
C0047768,0,0,1,0,0.417
C0057182,0,0,0,0,0.617
C0004190,0,0,0,0,0.625
C0000058,0,0,0,0,0.516
C0032898,0,0,0,0,0.728
C0028832,0,0,0,0,0.497
C0012580,0,0,0,0,0.099
C0043390,0,0,0,0,0.505
C0014023,0,0,0,0,0.553
C0055646,0,0,0,0,0.1
C0029936,0,0,0,0,0.392
C0006276,0,0,1,0,0.547
C0004798,0,0,0,0,0.385
C0001451,0,0,0,0,0.185
C0045918,0,0,1,0,0.622
C0034791,1,0,0,1,0.422
C0055206,0,0,0,0,0.614
C0027587,0,0,0,0,0.712
C0058420,0,0,0,0,0.012
C0021117,1,0,1,0,0.054
C0035663,0,0,1,0,0.375
C0020945,0,0,0,0,0.761
C0051558,0,0,0,0,0.308
C0026031,0,0,0,0,0.545
C0002633,0,0,0,0,0.086
C0014917,0,0,0,0,0.222
C0028584,0,0,0,0,0.915
C0031816,0,0,0,0,0.357
C0025092,0,0,0,0,0.973
C0016650,0,0,0,0,0.91
C0013235,0,0,0,0,0.664
C0029946,0,0,0,0,0.478
C0008632,0,0,0,0,0.527
C0040788,0,0,0,0,0.879
C0046390,0,0,0,0,0.159
C0012532,0,0,0,1,0.678
C0052103,0,0,0,0,0.243
C0001562,0,0,0,0,0.406
C0018234,0,0,0,0,0.291
C0029724,0,0,0,0,0.589
C0008904,0,0,0,0,0.021
C0031957,0,0,0,0,0.501
C0015205,0,0,0,0,0.501
C0044822,0,0,0,0,0.898
C0052695,0,0,0,0,0.902
C0035304,0,0,0,0,0.83
C0056373,0,0,0,0,0.497
C0017470,0,0,0,0,0.344
C0018136,0,0,0,0,0.812
C0001825,0,0,1,0,0.373
C0033668,0,0,0,0,0.645
C0042491,0,0,0,0,0.239
C0036388,0,0,1,0,0.368
C0044902,0,0,1,0,0.469
C0012509,0,0,0,0,0.143
C0007289,0,0,1,0,0.094
C0048660,0,0,0,0,0.396
C0011089,0,0,0,0,0.216
C0030666,0,0,0,0,0.911
C0001102,0,0,0,0,0.002
C0041980,0,0,0,0,0.952
C0013240,0,0,0,0,0.313
C0028674,0,0,1,0,0.655
C0042637,0,0,0,1,0.341
C0026220,0,0,0,0,0.722
C0052643,1,0,1,0,0.44
C0036781,0,0,0,0,0.907
C0037313,0,0,0,0,0.382
C0053597,0,0,0,0,0.869
C0054440,0,0,0,0,0.734
C0014616,0,0,1,0,0.856
C0017067,0,0,0,0,0.506
C0000961,0,0,0,0,0.158
C0014814,0,0,0,0,0.136
C0009434,0,0,0,0,0.739
C0025415,0,0,0,0,0.911
C0046788,0,0,0,0,0.114
C0057675,0,0,1,0,0.125
C0017504,0,0,0,1,0.632
C0038817,0,0,0,0,0.132
C0052204,0,0,0,0,0.832
C0044356,0,0,0,1,0.633
C0051750,0,0,0,0,0.846
C0057929,1,0,1,1,0.967
C0050552,0,0,0,0,0.92
C0031309,0,0,0,0,0.266
C0039333,0,0,0,0,0.711
C0053034,0,1,0,0,0.994
C0034884,0,0,0,0,0.984
C0024424,0,0,0,1,0.258
C0032835,0,0,0,0,0.445
C0055335,0,0,0,0,0.281
C0055738,0,0,0,0,0.127
C0032287,0,0,0,0,0.302
C0053408,0,0,0,1,0.205
C0024243,0,0,0,0,0.477
C0016760,0,0,0,0,0.472
C0042730,0,0,0,0,0.906
C0007996,0,0,0,0,0.186
C0047662,0,0,0,0,0.046
C0043698,0,0,1,1,0.249
C0004887,0,0,0,0,0.657
C0042992,0,0,0,1,0.732
C0020944,0,0,0,0,0.314
C0012033,0,0,0,0,0.302
C0057122,0,0,0,0,0.881
C0032609,0,0,0,0,0.331
C0048282,0,0,0,0,0.085
C0029485,0,0,0,0,0.041
C0031926,1,0,0,0,0.765
C0002799,0,0,0,0,0.324
C0058918,0,0,0,0,0.935
C0053507,0,0,0,0,0.048
C0026467,0,0,0,0,0.344
C0053953,0,0,0,0,0.921
C0057782,0,0,0,0,0.502
C0050974,1,0,0,0,0.572
C0045558,0,0,0,0,0.646
C0001665,0,0,0,0,0.062
C0044257,0,0,0,0,0.12
C0039507,0,0,0,0,0.381
C0046568,0,0,0,0,0.538
C0002447,0,0,0,0,0.688
C0002667,0,0,0,0,0.462
C0029264,0,0,0,0,0.465
C0049005,0,0,0,0,0.188
C0030709,0,0,0,0,0.082
C0058891,0,0,0,0,0.322
C0044227,0,0,0,0,0.62
C0043428,0,0,0,1,0.066
C0031598,0,0,0,0,0.472
C0048374,0,0,0,0,0.011
C0044466,0,0,0,0,0.5
C0029017,0,0,0,0,0.078
C0056806,0,0,0,0,0.252
C0036859,0,0,0,0,0.492
C0035080,0,0,0,0,0.355
C0016771,0,0,0,1,0.651
C0021766,0,0,0,0,0.359
C0011852,0,0,0,0,0.201
C0012724,0,0,0,0,0.85
C0030517,1,0,0,0,0.669
C0047668,0,0,1,0,0.753
C0012153,0,0,0,0,0.308
C0008586,0,0,0,0,0.699
C0032874,0,0,1,1,0.17
C0030231,0,0,0,0,0.382
C0009448,0,0,0,0,0.346
C0048241,0,0,0,0,0.726
C0032094,0,0,0,0,0.498
C0000700,0,0,0,0,0.495
C0034135,0,0,0,0,0.513
C0034937,0,0,0,0,0.762
C0049209,0,0,0,0,0.132
C0012789,0,0,0,0,0.45
C0053701,0,0,0,0,0.414
C0053709,0,0,0,1,0.998
C0001927,0,0,0,0,0.889
C0007858,0,0,0,0,0.733
C0043736,0,0,0,0,0.845
C0014173,0,0,0,0,0.234
C0055989,0,0,0,0,0.572
C0018303,0,0,0,0,0.604
C0043480,0,0,0,0,0.513
C0046844,0,0,0,0,0.901
C0028801,0,0,1,0,0.136
C0048262,0,0,0,1,0.349
C0031611,0,0,0,0,0.312
C0000585,0,0,1,0,0.984
C0047648,0,0,0,0,0.39
C0047422,0,0,0,1,0.338
C0051114,0,0,1,0,0.018
C0026359,0,0,0,0,0.769
C0001302,0,0,0,0,0.566
C0011482,0,0,0,1,0.137
C0043442,0,0,0,0,0.925
C0014003,0,0,0,0,0.421
C0056621,0,0,0,0,0.464
C0006926,0,0,0,0,0.735
C0033789,0,0,0,0,0.888
C0006813,0,0,0,0,0.505
C0014567,0,0,0,0,0.149
C0014393,0,0,0,0,0.834
C0019504,0,0,1,0,0.73
C0044400,0,0,0,0,0.673
C0006729,0,0,0,0,0.028
C0043014,0,0,0,0,0.454
C0046551,0,0,0,0,0.682
C0054077,0,0,0,0,0.65
C0008917,1,0,0,0,0.903
C0051524,0,0,0,0,0.654
C0014274,0,0,0,0,0.254
C0003195,0,0,1,0,0.867
C0040657,0,0,0,0,0.361
C0041753,0,0,0,0,0.071
C0010940,0,0,0,0,0.07
C0038108,0,0,0,0,0.271
C0047927,0,0,0,0,0.055
C0034956,0,0,0,0,0.98
C0051214,1,0,0,0,0.329
C0027155,0,0,1,0,0.378
C0043294,0,0,0,0,0.061
C0048970,0,0,0,0,0.954
C0032917,0,0,0,0,0.819
C0012746,0,0,0,0,0.034
C0008607,0,0,0,0,0.891
C0002499,0,0,0,0,0.724
C0031881,0,0,0,0,0.624
C0035077,0,0,0,0,0.345
C0015482,0,0,0,1,0.959
C0006050,0,0,0,0,0.335
C0022893,0,0,0,0,0.282
C0035649,0,0,0,0,0.891
C0008569,0,0,0,0,0.583
C0040575,0,0,0,0,0.048
C0049316,0,0,0,0,0.56
C0020336,0,0,0,1,0.627
C0044770,0,0,0,0,0.49
C0055286,0,0,0,0,0.429
C0058114,0,0,0,0,0.341
C0044579,0,0,0,0,0.798
C0054340,1,0,0,0,0.269
C0013904,0,0,0,0,0.279
C0056942,0,0,0,0,0.272
C0009104,0,0,0,0,0.226
C0044129,0,0,0,0,0.157
C0017673,0,0,0,0,0.792
C0054483,0,0,1,0,0.724
C0055658,0,0,0,0,0.438
C0038330,0,0,0,0,0.541
C0041594,0,0,0,0,0.837
C0018387,0,0,0,0,0.096
C0008032,0,0,0,0,0.723
C0046141,0,0,0,0,0.421
C0051587,0,0,0,0,0.454
C0055878,0,0,0,0,0.22
C0005758,0,0,1,0,0.9
C0031788,0,0,0,0,0.215
C0015867,0,0,0,0,0.414
C0041727,0,0,0,0,0.308
C0049460,0,0,0,0,0.126
C0050674,0,0,0,0,0.659
C0006600,0,0,0,0,0.413
C0012557,0,0,0,0,0.872
C0028972,0,0,0,0,0.69
C0051146,0,0,0,0,0.136
C0057183,0,0,0,1,0.251
C0029510,0,0,0,0,0.097
C0039677,0,0,0,0,0.016
C0039800,0,0,0,1,0.196
C0007477,0,0,0,0,0.547
C0043991,0,0,1,0,0.608
C0003802,0,0,0,1,0.29
C0042442,0,0,0,0,0.71
C0057020,0,0,0,0,0.261
C0056591,0,0,0,1,0.823
C0056878,0,0,0,0,0.337
C0008564,0,0,0,0,0.798
C0032136,0,0,0,0,0.914
C0053201,0,0,0,0,0.054
C0040935,0,0,0,0,0.94
C0046027,0,0,0,0,0.578
C0013711,0,0,0,0,0.33
C0053133,0,0,0,0,0.438
C0007794,0,0,0,0,0.844
C0026196,0,0,0,0,0.664
C0046494,0,0,0,0,0.832
C0052950,0,0,0,0,0.81
C0005357,0,0,0,0,0.254
C0039369,0,0,0,0,0.683
C0002630,0,0,0,1,0.295
C0007788,0,0,0,0,0.297
C0054869,0,0,0,0,0.754
C0018665,0,0,1,0,0.095
C0044344,1,0,0,0,0.215
C0033905,0,0,0,0,0.275
C0037269,0,0,0,0,0.66
C0048666,0,0,0,1,0.613
C0029479,0,0,0,0,0.569
C0004988,0,0,0,0,0.774
C0052502,1,0,0,0,0.346
C0014797,0,0,0,0,0.02
C0029476,0,0,0,0,0.596
C0056872,0,0,0,0,0.188
C0044555,0,0,0,0,0.785
C0033586,0,0,0,1,0.096
C0029092,0,0,1,0,0.019
C0033284,0,0,0,0,0.134
C0052187,0,0,0,1,0.733
C0035959,0,0,0,1,0.459
C0023260,0,0,1,0,0.483
C0050784,0,0,0,0,0.688
C0046564,0,0,1,0,0.185
C0054697,0,0,0,0,0.42
C0057697,0,0,0,0,0.173
C0018640,0,0,0,0,0.104
C0048193,0,0,0,0,0.17
C0005437,0,0,0,0,0.039
C0039595,0,0,1,0,0.912
C0041584,0,0,0,0,0.98
C0033105,0,0,0,0,0.534
C0002838,0,0,0,0,0.898
C0054170,0,0,0,1,0.868
C0012851,0,0,0,0,0.288
C0007220,0,0,0,0,0.571
C0006250,0,0,0,0,0.168
C0005035,0,0,0,0,0.017
C0025336,0,1,0,0,0.952
C0032392,0,0,0,1,0.392
C0025736,0,0,0,0,0.252
C0018102,0,0,0,0,0.854
C0006458,0,0,0,0,0.93
C0009977,0,0,0,0,0.809
C0056950,0,0,0,0,0.801
C0031054,0,0,0,0,0.4
C0050677,0,0,1,0,0.029
C0013239,0,0,0,0,0.095
C0030801,0,0,0,0,0.939
C0054730,0,0,0,0,0.195
C0020449,0,0,0,0,0.615
C0041663,0,0,0,1,0.886
C0044365,0,0,0,0,0.284
C0037172,0,0,0,0,0.362
C0056494,0,0,0,0,0.86
C0053541,0,0,0,0,0.895
C0051714,0,0,0,0,0.044
C0047053,0,0,0,0,0.768
C0012704,0,0,0,0,0.453
C0005032,0,0,0,0,0.381
C0028050,0,0,0,0,0.343
C0041023,0,0,0,1,0.748
C0021972,0,0,0,0,0.572
C0011567,0,0,0,0,0.081
C0055818,0,0,1,0,0.165
C0025543,0,0,0,0,0.668
C0010159,0,0,0,0,0.128
C0021030,0,0,0,0,0.527
C0030137,0,0,0,0,0.244
C0043180,0,0,0,0,0.374
C0011681,0,0,1,0,0.125
C0014783,1,0,0,0,0.253
C0051205,0,0,0,0,0.929
C0027445,0,0,0,0,0.317
C0028890,0,0,0,0,0.218
C0046800,1,0,1,0,0.096
C0019342,0,0,0,0,0.655
C0058309,0,0,0,0,0.476
C0012672,0,0,0,0,0.042
C0028945,0,0,0,0,0.723
C0011510,0,0,0,0,0.225
C0049888,0,0,0,0,0.537
C0055628,0,0,0,0,0.201
C0024436,0,0,1,0,0.155
C0001069,0,0,0,0,0.677
C0044484,1,0,0,1,0.356
C0059062,0,0,0,0,0.304
C0011578,0,0,0,0,0.116
C0028018,1,0,0,0,0.566
C0018748,0,0,0,0,0.217
C0031969,0,0,0,1,0.221
C0029285,0,0,1,0,0.16
C0054455,0,0,0,1,0.707
C0033222,0,0,0,0,0.242
C0037579,0,0,0,0,0.448
C0037998,0,0,0,0,0.168
C0042680,1,0,0,0,0.199
C0006214,0,0,1,0,0.13
C0030038,0,0,0,0,0.214
C0019419,0,0,0,0,0.233
C0019889,0,0,0,0,0.596
C0026960,0,0,0,0,0.645
C0049728,0,0,0,0,0.046
C0003916,0,0,0,0,0.849
C0034435,0,0,0,0,0.568
C0044854,0,0,0,0,0.979
C0045407,0,0,0,0,0.65
C0040025,0,0,0,0,0.246
C0044001,0,0,0,0,0.285
C0053430,0,0,0,0,0.881
C0021936,0,0,0,0,0.196
C0011254,0,0,0,0,0.187
C0052876,0,0,0,0,0.033
C0040570,0,0,0,0,0.393
C0043963,0,0,0,0,0.507
C0034533,0,0,0,0,0.592
C0052126,0,0,0,1,0.87
C0032669,0,0,0,0,0.951
C0046671,0,0,0,0,0.769
C0029023,0,0,0,0,0.256
C0003189,0,0,0,0,0.984
C0009790,0,0,0,0,0.978
C0027868,0,0,0,0,0.226
C0003185,0,0,0,1,0.085
C0053600,0,0,0,0,0.669
C0028904,0,0,1,0,0.013
C0016961,0,0,0,0,0.354
C0004001,0,0,0,0,0.694
C0020666,0,0,0,0,0.094
C0024279,0,0,0,0,0.486
C0037905,1,0,0,0,0.48
C0032200,0,0,0,0,0.526
C0037441,0,0,0,0,0.867
C0006006,0,0,0,0,0.733
C0049000,0,0,0,0,0.513
C0042314,0,0,0,0,0.403
C0035426,0,0,0,0,0.452
C0031821,0,0,0,0,0.36
C0040261,0,0,1,0,0.4
C0020591,0,0,0,0,0.511
C0041792,0,0,0,0,0.111
C0004873,0,0,0,1,0.411
C0048109,0,0,0,1,0.293
C0003811,0,0,1,0,0.351
C0008262,0,0,0,0,0.502
C0045545,0,0,0,0,0.426
C0041722,0,0,0,0,0.44
C0054151,0,0,0,0,0.736
C0042008,0,0,0,0,0.979
C0029435,0,0,0,1,0.393
C0059326,0,0,0,0,0.685
C0039153,0,0,0,0,0.74
C0030713,0,0,0,0,0.837
C0026023,0,0,0,0,0.058
C0001173,0,0,0,0,0.988
C0034585,0,0,0,0,0.819
C0029356,0,0,0,0,0.846
C0044603,0,0,1,0,0.443
C0029278,0,0,0,1,0.982
C0029138,0,0,0,1,0.031
C0059921,0,0,0,0,0.114
C0047280,0,0,0,0,0.864
C0002376,0,0,0,0,0.444
C0046196,0,0,0,0,0.167
C0049558,0,0,0,0,0.75
C0016959,0,0,0,0,0.031
C0014186,0,0,0,1,0.156
C0047255,0,0,0,0,0.834
C0056045,0,0,0,0,0.779
C0035799,0,0,0,0,0.75
C0052764,0,0,0,0,0.856
C0003207,0,0,0,0,0.965
C0024036,1,0,0,1,0.493
C0045149,0,0,0,0,0.334
C0014400,1,0,0,0,0.348
C0038006,0,0,1,0,0.552
C0034168,0,0,0,0,0.278
C0057861,0,0,0,0,0.612
C0020291,0,0,0,0,0.376
C0055886,0,0,1,0,0.898
C0037332,1,0,0,0,0.232
C0052711,0,0,0,0,0.387
C0054870,0,0,0,0,0.615
C0008466,0,0,0,0,0.229
C0006833,0,1,0,1,0.43
C0020435,0,0,0,0,0.812
C0033372,0,0,0,0,0.802
C0020408,0,0,0,0,0.014
C0049052,0,0,0,0,0.651
C0024012,0,0,0,0,0.329
C0003212,0,0,0,0,0.938
C0031424,0,0,0,0,0.462
C0051309,0,0,0,0,0.443
C0035354,0,0,0,0,0.093
C0046751,0,0,1,0,0.1
C0004876,0,0,0,0,0.354
C0032955,0,0,0,0,0.657
C0007291,0,0,1,0,0.038
C0026823,0,0,0,1,0.831
C0038703,0,0,0,0,0.758
C0028927,0,0,0,0,0.991
C0005719,0,0,0,0,0.678
C0054496,0,0,0,0,0.722
C0025110,0,0,0,0,0.298
C0009151,1,0,0,0,0.215
C0023962,0,0,0,0,0.473
C0058075,0,0,0,0,0.955
C0012556,0,0,1,0,0.562
C0029640,0,0,0,0,0.935
C0025538,0,1,0,0,0.686
C0031767,0,0,0,0,0.074
C0058211,1,0,0,0,0.606
C0031319,0,0,1,0,0.403
C0048941,0,0,0,0,0.359
C0030088,0,0,0,0,0.675
C0018181,0,0,0,1,0.738
C0023261,0,0,0,0,0.502
C0037612,0,0,0,0,0.474
C0001800,0,0,0,0,0.591
C0013480,0,0,0,0,0.409
C0043727,0,0,0,0,0.167
C0020579,0,0,0,0,0.561
C0004400,0,0,0,0,0.012
C0017511,1,0,0,0,0.026
C0022180,0,0,0,0,0.533
C0022136,0,0,0,0,0.161
C0031386,0,0,1,0,0.733
C0016522,0,0,0,0,0.74
C0032844,0,0,0,0,0.759
C0040463,0,0,0,0,0.832
C0026989,0,0,0,1,0.173
C0059737,0,0,0,0,0.728
C0000710,0,0,1,0,0.134
C0036205,0,0,0,0,0.701
C0037263,0,0,0,0,0.713
C0023219,0,0,0,0,0.734
C0023167,0,0,0,0,0.889
C0022854,0,0,0,0,0.741
C0030269,0,0,0,0,0.097
C0004992,0,0,0,0,0.916
C0038782,0,0,0,0,0.097
C0020173,0,0,0,0,0.824
C0000086,0,0,0,0,0.071
C0009084,0,0,0,0,0.671
C0019204,0,0,0,0,0.404
C0048146,0,0,0,0,0.616
C0043150,0,0,0,0,0.522
C0047045,0,0,0,0,0.245
C0023246,0,1,0,0,0.886
C0011143,0,0,0,0,0.208
C0014742,0,0,0,0,0.905
C0004288,0,0,0,0,0.081
C0002374,0,0,1,0,0.382
C0006035,0,0,0,0,0.129
C0037037,0,0,0,0,0.045
C0001201,0,0,0,0,0.632
C0051921,0,0,0,0,0.414
C0008189,0,0,0,0,0.099
C0038198,0,0,0,0,0.368
C0000445,0,0,0,0,0.474
C0025181,0,0,0,0,0.474
C0009863,0,0,0,0,0.876
C0021026,0,0,0,1,0.001
C0038776,0,0,0,1,0.588
C0019363,0,0,0,0,0.354
C0044130,0,0,0,1,0.251
C0036640,0,0,0,0,0.15
C0014399,0,0,0,0,0.475
C0055274,0,0,0,0,0.514
C0028004,0,0,0,0,0.037
C0030091,0,0,0,0,0.791
C0052216,0,0,0,0,0.666
C0040703,0,0,0,0,0.575
C0055357,0,0,0,0,0.33
C0057002,0,0,0,0,0.281
C0033263,0,0,0,0,0.878
C0030758,0,0,0,0,0.043
C0027966,0,0,0,0,0.829
C0034902,0,0,0,0,0.691
C0004132,0,0,0,0,0.122
C0017672,0,0,0,0,0.744
C0041446,0,0,0,0,0.554
C0058174,0,0,0,0,0.554
C0046007,1,0,1,0,0.576
C0034224,0,0,0,0,0.335
C0008782,0,0,0,0,0.774
C0036128,0,0,0,0,0.399
C0006909,0,0,0,0,0.133
C0044786,0,0,0,0,0.036
C0035324,0,0,0,0,0.951
C0039546,0,0,0,0,0.455
C0003475,0,0,0,0,0.308
C0046376,0,0,0,0,0.368
C0048051,0,0,0,1,0.848
C0022627,0,0,0,0,0.218
C0038956,0,0,0,1,0.098
C0058662,0,0,0,0,0.354
C0029959,0,0,0,0,0.081
C0021762,0,0,0,0,0.2
C0050874,0,0,0,0,0.844
C0020060,0,0,0,0,0.084
C0033719,1,0,0,0,0.193
C0047637,0,0,0,0,0.645
C0032174,0,0,0,0,0.431
C0012891,0,0,0,0,0.364
C0042789,0,0,1,0,0.651
C0029932,0,0,0,0,0.873
C0007113,0,0,0,0,0.831
C0055732,0,0,0,0,0.87
C0030929,0,0,0,0,0.589
C0050203,0,0,0,0,0.059
C0002819,0,1,0,0,0.404
C0037284,0,0,0,0,0.711
C0014765,0,0,0,0,0.05
C0000493,0,0,1,0,0.737
C0016246,0,0,0,0,0.068
C0044092,0,0,0,0,0.394
C0053176,0,0,0,0,0.741
C0039724,0,0,0,0,0.791
C0027739,0,0,0,0,0.635
C0005453,0,0,0,0,0.904
C0035348,0,0,0,0,0.574
C0036188,0,0,0,0,0.83
C0045563,0,0,0,0,0.614
C0032927,0,0,0,0,0.314
C0030301,0,0,0,0,0.489
C0053332,0,0,0,0,0.051
C0040045,0,0,0,0,0.677
C0011136,0,0,0,0,0.963
C0018671,0,0,0,0,0.908
C0016537,0,0,0,0,0.378
C0054820,0,0,0,0,0.681
C0047269,0,0,1,0,0.964
C0000832,0,0,0,0,0.651
C0045654,0,0,0,0,0.794
C0046138,0,0,0,0,0.481
C0056433,0,0,0,0,0.634
C0001416,1,0,0,0,0.737
C0007869,0,0,0,0,0.222
C0019197,1,0,1,0,0.773
C0059417,0,0,1,0,0.486
C0044174,0,0,0,0,0.143
C0017929,0,0,0,0,0.008
C0012824,0,0,0,0,0.001
C0057032,0,0,0,0,0.228
C0052333,0,0,0,0,0.489
C0059168,0,0,0,0,0.842
C0038901,0,0,0,0,0.073
C0047340,0,0,0,0,0.991
C0052989,0,0,0,0,0.624
C0032091,0,0,0,0,0.06
C0036312,0,0,0,0,0.86
C0021806,1,0,0,1,0.089
C0005188,0,0,1,0,0.418
C0052316,0,0,0,0,0.914
C0025682,0,0,0,0,0.551
C0053271,0,0,0,0,0.647
C0048958,0,0,0,1,0.272
C0017086,0,0,0,0,0.291
C0013811,0,0,0,0,0.707
C0014403,0,0,0,0,0.263
C0044093,0,0,0,0,0.489
C0016586,0,0,0,0,0.972
C0028431,0,0,0,0,0.719
C0009057,0,0,0,0,0.993
C0044471,0,0,0,0,0.077
C0033099,0,0,0,0,0.972
C0034747,0,0,0,0,0.066
C0049256,0,0,0,0,0.485
C0037657,0,0,0,0,0.92
C0002298,0,0,0,0,0.525
C0058946,0,0,0,0,0.592
C0004772,0,0,0,0,0.346
C0017321,1,0,0,0,0.721
C0017581,0,0,1,0,0.774
C0038911,0,0,0,0,0.568
C0036448,0,0,0,0,0.55
C0019550,0,0,0,0,0.325
C0005769,0,0,0,0,0.823
C0001634,0,0,0,0,0.37
C0011087,0,0,0,0,0.975
C0026498,0,0,0,0,0.446
C0054005,0,0,1,1,0.571
C0048574,0,0,0,0,0.297
C0049366,0,0,0,0,0.947
C0054684,0,0,1,0,0.313
C0029464,0,0,0,0,0.665
C0045668,0,0,0,0,0.251
C0050132,1,0,0,0,0.165
C0029637,0,0,0,0,0.205
C0059906,0,0,0,0,0.875
C0007846,1,0,0,0,0.902
C0038725,0,0,0,0,0.577
C0036604,0,0,0,0,0.557
C0050986,0,0,0,0,0.257
C0028036,0,0,0,0,0.674
C0054298,0,0,0,0,0.326
C0057512,1,0,0,0,0.013
C0057047,0,0,0,0,0.545
C0053792,0,1,0,0,0.948
C0016651,0,1,0,0,0.129
C0008793,0,0,0,0,0.592
C0046692,0,0,0,0,0.029
C0032926,0,0,0,0,0.19
C0025718,0,0,0,0,0.18
C0057708,0,0,1,0,0.824
C0012673,0,0,0,0,0.979
C0015839,0,0,0,1,0.242
C0009031,0,0,0,0,0.255
C0015952,0,0,0,0,0.529
C0006553,0,0,0,0,0.872
C0011166,0,0,0,1,0.838
C0021830,0,0,0,0,0.803
C0055729,0,0,0,0,0.66
C0047814,0,0,0,0,0.356
C0022308,0,0,0,0,0.23
C0049171,0,0,0,0,0.063
C0045956,0,0,0,0,0.735
C0025717,0,0,0,0,0.491
C0054763,0,0,0,0,0.185
C0007880,0,0,0,0,0.532
C0051284,0,0,0,0,0.794
C0057105,0,0,0,0,0.279
C0035300,1,0,0,0,0.508
C0021986,0,0,0,0,0.491
C0011104,0,0,0,0,0.033
C0010697,0,0,0,0,0.482
C0047898,0,0,0,0,0.929
C0000591,0,0,0,0,0.949
C0058709,0,0,0,0,0.038
C0014794,0,0,1,0,0.366
C0034825,0,0,0,0,0.478
C0008622,0,0,0,0,0.188
C0040855,0,0,0,0,0.985
C0050316,0,0,0,0,0.196
C0046932,0,0,0,0,0.198
C0044573,0,0,0,0,0.325
C0022359,0,0,0,0,0.52
C0052325,0,0,0,0,0.46
C0005873,0,0,0,0,0.106
C0058582,0,0,1,0,0.863
C0017207,0,0,0,0,0.74
C0043299,0,0,0,0,0.319
C0019677,0,0,0,0,0.323
C0032727,0,1,0,0,0.771
C0047980,0,0,0,0,0.569
C0035461,0,0,0,0,0.332
C0019408,0,0,0,0,0.584
C0010520,0,0,0,0,0.507
C0053099,0,0,0,0,0.058
C0009764,0,0,1,1,0.269
C0023761,0,0,0,0,0.017
C0013579,0,0,0,0,0.28
C0035717,0,0,0,0,0.411
C0001727,0,0,0,0,0.486
C0034120,0,0,0,0,0.704
C0012544,0,0,0,0,0.669
C0034760,0,0,0,0,0.96
C0044673,0,0,0,0,0.398
C0024104,0,0,0,0,0.017
C0007537,0,0,0,0,0.992
C0028042,0,0,0,0,0.067
C0022879,0,0,0,0,0.097
C0017461,0,0,0,0,0.909
C0005388,0,0,0,0,0.41
C0005608,0,0,0,0,0.137
C0024995,0,0,0,0,0.699
C0029290,0,0,0,0,0.428
C0059976,0,0,0,0,0.084
C0053144,0,0,0,0,0.871
C0045755,0,0,0,0,0.975
C0017900,0,0,0,1,0.566
C0006617,0,0,0,0,0.553
C0020563,0,0,0,0,0.997
C0046647,0,1,0,0,0.137
C0024376,0,0,0,0,0.164
C0055332,0,0,0,0,0.512
C0046198,0,0,0,0,0.859
C0019495,0,0,0,1,0.838
C0041001,0,0,0,1,0.68
C0043265,0,0,0,0,0.158
C0016877,0,0,0,0,0.019
C0044327,0,0,0,0,0.288
C0046745,0,0,0,0,0.427
C0051841,0,0,0,0,0.857
C0050955,0,0,0,0,0.446
C0002137,0,0,0,0,0.99
C0037140,0,0,0,0,0.709
C0032396,0,0,0,0,0.838
C0005394,0,0,0,0,0.411
C0000373,0,0,0,0,0.009
C0019662,0,0,0,0,0.345
C0044815,0,0,0,0,0.023
C0004756,0,0,0,0,0.871
C0031885,0,0,0,0,0.764
C0002287,0,0,0,1,0.624
C0004653,0,0,0,0,0.383
C0030118,0,0,0,0,0.297
C0005596,0,0,0,0,0.997
C0010825,0,0,0,0,0.551
C0015930,0,1,0,0,0.136
C0058896,0,0,0,1,0.201
C0003295,0,0,0,0,0.518
C0032497,0,0,0,0,0.567
C0023071,0,0,0,0,0.369
C0020534,0,0,0,0,0.404
C0021320,0,0,0,0,0.271
C0038445,0,0,1,0,0.795
C0043426,0,0,0,0,0.841
C0023752,0,0,0,0,0.301
C0059673,0,0,0,0,0.619
C0038538,0,0,0,0,0.464
C0032224,0,0,0,0,0.832
C0054207,0,1,0,1,0.761
C0050815,0,0,0,0,0.775
C0059234,0,0,0,0,0.205
C0019033,0,0,0,1,0.043
C0006108,0,0,0,1,0.096
C0053152,0,0,0,0,0.678
C0000653,0,0,0,0,0.988
C0053348,0,0,0,0,0.334
C0029307,0,0,0,0,0.634
C0031946,0,0,0,0,0.042
C0045406,0,0,0,0,0.509
C0007302,0,0,0,0,0.716
C0033339,0,0,0,0,1.0
C0016826,0,0,0,0,0.208
C0059399,0,0,0,0,0.552
C0017496,0,0,0,0,0.042
C0012741,0,0,0,0,0.744
C0005291,0,0,0,0,0.987
C0056228,0,0,0,0,0.832
C0043467,0,0,0,0,0.428
C0049265,0,0,0,0,0.75
C0014743,0,0,0,0,0.651
C0043817,0,0,0,0,0.526
C0048450,0,1,0,0,0.007
C0033863,0,0,0,1,0.637
C0054970,0,0,0,0,0.999
C0007002,0,0,0,0,0.524
C0017595,0,0,0,1,0.74
C0018642,0,0,0,0,0.241
C0035932,0,0,0,0,0.39
C0047996,0,0,0,0,0.452
C0011389,1,0,0,0,0.14
C0017956,0,0,0,0,0.24
C0046553,0,0,0,0,0.218
C0049091,0,0,0,0,0.137
C0049974,0,0,0,0,0.213
C0023480,0,0,0,0,0.459
C0048841,0,0,0,0,0.696
C0035010,0,0,0,0,0.631
C0042590,0,0,0,0,0.683
C0022050,0,0,0,0,0.626
C0052527,0,0,0,0,0.234
C0003406,0,0,0,0,0.503
C0025858,0,0,0,0,0.443
C0004436,1,0,1,0,0.708
C0057576,0,0,0,0,0.046
C0005918,0,0,0,0,0.495
C0011121,0,0,0,0,0.256
C0054520,0,0,0,0,0.337
C0013717,0,0,0,0,0.727
C0014962,0,0,0,1,0.576
C0039308,0,0,0,0,0.795
C0046936,0,0,0,0,0.683
C0032109,0,0,0,0,0.068
C0029204,0,1,0,0,0.153
C0035915,0,0,0,0,0.586
C0031133,0,0,0,0,0.459
C0018204,0,0,0,0,0.229
C0044581,0,0,0,0,0.382
C0056135,0,0,0,0,0.22
C0017415,0,0,0,1,0.177
C0020331,0,0,0,0,0.709
C0038396,0,0,1,0,0.946
C0007928,0,0,0,0,0.259
C0038135,0,0,0,0,0.811
C0015328,0,0,0,0,0.429
C0042353,0,0,0,0,0.336
C0047122,0,0,0,0,0.53
C0057609,0,0,1,0,0.648
C0022415,0,0,0,0,0.625
C0046369,0,0,0,0,0.047
C0014094,0,0,0,0,0.082
C0002567,0,0,0,0,0.423
C0040088,0,0,0,0,0.907
C0020430,0,0,1,0,0.787
C0048790,0,0,0,1,0.211
C0040867,0,0,0,0,0.034
C0015543,0,0,0,0,0.736
C0039419,0,0,0,0,0.605
C0018835,0,0,0,0,0.858
C0030367,0,0,1,0,0.154
C0036185,0,0,0,0,0.779
C0003639,0,0,0,0,0.471
C0005167,0,1,0,0,0.923
C0058846,0,0,0,0,0.951
C0003736,0,0,0,0,0.611
C0058984,0,0,0,0,0.006
C0042301,0,0,0,0,0.112
C0014819,0,0,0,0,0.764
C0000946,0,0,0,0,0.417
C0025461,0,0,0,1,0.204
C0010482,0,0,0,0,0.018
C0026661,0,1,0,1,0.657
C0037806,0,0,1,0,0.027
C0040413,0,0,0,0,0.49
C0022580,0,0,0,0,0.295
C0015573,0,0,0,0,0.348
C0056757,0,0,0,0,0.424
C0015545,0,0,0,0,0.458
C0013361,0,0,0,1,0.612
C0058613,0,0,0,0,0.531
C0050760,1,0,0,0,0.009
C0017162,0,0,0,0,0.418
C0045795,0,0,0,0,0.95
C0010060,0,0,0,0,0.669
C0002451,0,0,0,0,0.889
C0059406,0,0,0,0,0.742
C0046204,0,0,0,0,0.491
C0025889,0,0,0,0,0.04
C0020928,0,0,0,0,0.583
C0059812,0,0,0,0,0.513
C0034596,0,0,0,0,0.629
C0032336,0,0,0,0,0.865
C0047753,0,0,0,1,0.808
C0021062,0,0,0,0,0.038
C0050125,0,0,0,0,0.804
C0036988,0,0,0,0,0.875
C0046901,0,0,0,0,0.405
C0046605,0,0,0,0,0.552
C0046945,0,0,1,1,0.229
C0048684,0,0,1,0,0.898
C0008021,0,0,0,0,0.714
C0059178,0,0,0,0,0.857
C0055010,0,0,0,1,0.794
C0016251,0,0,1,0,0.126
C0047903,0,0,0,1,0.853
C0031854,0,0,0,0,0.162
C0036311,0,0,0,0,0.292
C0042127,0,0,0,1,0.576
C0044064,0,0,0,0,0.153
C0014777,0,0,0,1,0.75
C0008932,0,0,0,0,0.715
C0052941,0,0,0,0,0.723
C0036139,0,0,0,0,0.136
C0042283,0,0,0,0,0.42
C0055526,0,0,0,0,0.323
C0045375,0,0,0,0,0.291
C0045070,0,0,0,0,0.115
C0004059,0,0,0,0,0.654
C0056159,0,0,0,0,0.953
C0050267,0,0,0,0,0.918
C0058903,0,0,0,0,0.364
C0001423,0,0,0,0,0.762
C0009438,0,0,0,0,0.052
C0029013,0,0,0,0,0.514
C0012077,0,0,0,0,0.066
C0015731,0,0,1,0,0.555
C0026946,0,0,0,0,0.474
C0027343,0,0,1,0,0.127
C0035200,0,0,0,0,0.147
C0002122,0,0,0,0,0.55
C0007070,0,0,0,0,0.263
C0057967,0,0,0,0,0.698
C0051516,0,0,0,1,0.578
C0048862,0,0,0,0,0.402
C0056559,0,0,0,0,0.675
C0030729,0,0,0,0,0.249
C0058326,0,0,0,0,0.83
C0032487,0,0,0,0,0.825
C0029968,0,0,0,0,0.943
C0053155,0,0,0,0,0.125
C0018660,0,0,0,1,0.494
C0030176,0,0,0,0,0.554
C0030911,0,0,0,0,0.455
C0030159,0,0,0,0,0.354
C0021784,0,0,0,0,0.997
C0034451,0,0,0,0,0.759
C0005663,0,0,0,0,0.829
C0030196,0,0,0,1,0.018
C0036211,0,0,0,0,0.042
C0027045,0,0,0,0,0.555
C0038044,0,0,0,0,0.346
C0058862,0,0,0,0,0.103
C0025230,0,0,0,0,0.065
C0016745,0,0,0,0,0.859
C0017786,0,0,0,0,0.459
C0053719,0,0,0,0,0.037
C0028552,0,0,0,1,0.934
C0002763,0,0,0,0,0.266
C0045306,0,0,0,0,0.483
C0043297,0,0,0,0,0.163
C0010275,0,0,0,0,0.456
C0027404,0,0,0,1,0.117
C0043201,0,0,1,0,0.513
C0020676,0,0,0,0,0.646
C0025754,0,0,0,0,0.58
C0024096,0,0,0,1,0.133
C0009569,0,0,0,0,0.699
C0006468,0,0,0,0,0.794
C0029863,0,0,0,0,0.934
C0020518,0,0,0,1,0.04
C0058506,0,1,0,0,0.773
C0036485,0,0,0,0,0.348
C0040199,0,0,0,1,0.647
C0025438,0,0,0,0,0.106
C0033937,0,0,1,1,0.288
C0056166,0,0,0,0,0.411
C0056671,0,0,0,0,0.367
C0003137,0,0,0,0,0.051
C0029044,0,0,0,0,0.69
C0010501,0,0,0,0,0.743
C0007012,0,0,0,0,0.862
C0001709,0,0,0,0,0.725
C0049378,0,0,0,0,0.182
C0001763,0,0,0,0,0.993
C0007193,1,0,1,0,0.417
C0016239,0,0,0,0,0.839
C0013909,0,0,0,0,0.02
C0053400,0,0,0,0,0.822
C0046941,0,0,0,0,0.919
C0055717,0,0,0,0,0.818
C0045489,0,0,1,0,0.721
C0024720,0,0,0,1,0.069
C0035577,0,0,0,0,0.36
C0028466,0,0,0,0,0.032
C0047472,0,0,0,0,0.733
C0056969,0,0,0,0,0.73
C0016140,0,0,0,0,0.489
C0039391,0,0,0,1,0.327
C0052345,0,0,0,0,0.048
C0028550,0,0,0,0,0.308
C0014265,0,0,0,0,0.79
C0036042,0,0,0,0,0.746
C0016659,0,0,0,0,0.175
C0024584,0,0,0,0,0.985
C0037097,0,0,1,0,0.316
C0046437,0,0,0,1,0.226
C0019017,0,0,0,0,0.202
C0029304,0,0,0,0,0.507
C0010711,0,0,0,0,0.633
C0004614,0,0,0,1,0.183
C0022922,0,0,0,0,0.177
C0014257,0,0,0,0,0.617
C0005564,0,0,0,0,0.929
C0048149,0,0,0,0,0.05
C0019460,0,0,0,0,0.483
C0055819,0,0,0,1,0.496
C0012234,0,0,0,0,0.672
C0028427,0,0,0,0,0.425
C0011881,0,0,0,0,0.872
C0023020,0,0,0,0,0.279
C0025120,0,1,0,0,0.044
C0036350,0,0,0,0,0.639
C0001144,0,0,0,0,0.188
C0033466,0,0,0,0,0.724
C0052937,0,0,0,0,0.749
C0019537,0,0,0,0,0.742
C0032748,0,0,0,0,0.25
C0039891,0,0,0,0,0.926
C0013442,0,0,0,0,0.83
C0019629,0,0,0,0,0.757
C0051684,0,1,0,0,0.148
C0012085,0,0,0,0,0.767
C0005927,0,0,0,0,0.326
C0058220,0,0,0,0,0.127
C0023057,0,0,0,0,0.256
C0002934,0,0,0,0,0.751
C0016640,0,0,1,0,0.348
C0033552,0,0,0,0,0.193
C0021590,0,0,0,0,0.242
C0003902,0,0,0,0,0.471
C0048618,0,0,0,0,0.059
C0010316,0,0,1,0,0.887
C0035224,1,0,0,0,0.096
C0048085,0,1,0,0,0.309
C0047754,0,0,1,0,0.004
C0008164,0,0,1,0,0.953
C0022471,0,0,0,1,0.689
C0050310,0,0,0,0,0.229
C0042392,0,0,0,0,0.75
C0017334,0,0,0,1,0.122
C0046041,0,0,0,0,0.114
C0053230,0,0,0,0,0.352
C0029240,0,0,0,0,0.559
C0031655,0,0,0,0,0.005
C0005145,0,0,0,0,0.028
C0045124,0,0,0,0,0.721
C0008195,0,0,0,0,0.424
C0017694,0,0,0,0,0.226
C0042905,0,0,0,0,0.635
C0021688,0,0,1,0,0.624
C0032791,0,0,1,0,0.135
C0011728,0,0,0,1,0.868
C0034191,0,0,1,0,0.173
C0027870,0,0,0,0,0.051
C0048046,0,0,0,0,0.926
C0044558,1,0,0,0,0.015
C0048308,0,0,0,0,0.579
C0001736,0,0,0,0,0.762
C0049310,0,0,1,0,0.183
C0043602,0,0,0,0,0.1
C0008636,0,0,1,0,0.869
C0039777,0,0,0,0,0.219
C0045804,0,0,0,0,0.673
C0013272,0,0,0,0,0.547
C0000561,0,0,1,1,0.065
C0017055,1,0,0,0,0.597
C0055218,0,0,0,0,0.565
C0019941,0,0,0,1,0.956
C0028653,0,0,0,0,0.178
C0050435,0,0,1,0,0.875
C0001739,0,0,0,0,0.662
C0039345,0,0,0,0,0.137
C0041102,0,0,0,0,0.232
C0017937,0,0,0,0,0.465
C0051697,0,0,0,0,0.289
C0041369,0,0,0,0,0.221
C0000906,0,0,0,0,0.213
C0020409,0,0,0,0,0.866
C0011977,0,0,0,1,0.765
C0016507,0,0,0,0,0.48
C0037877,0,0,0,0,0.258
C0050871,1,0,0,0,0.161
C0050354,0,0,0,0,0.376
C0005469,0,0,0,0,0.968
C0032436,0,0,0,0,0.786
C0006910,0,0,0,0,0.282
C0041192,0,0,0,0,0.203
C0043617,0,0,0,0,0.303
C0049220,0,0,0,1,0.762
C0051110,0,0,0,0,0.391
C0043989,0,0,0,1,0.438
C0019279,1,0,0,0,0.914
C0033352,0,0,0,0,0.893
C0006225,0,0,0,0,0.826
C0013440,0,0,0,0,0.281
C0002506,0,0,0,0,0.415
C0023789,0,0,0,0,0.974
C0020531,0,1,0,0,0.187
C0029953,1,0,0,0,0.813
C0038620,0,0,0,0,0.627
C0034793,0,0,1,1,0.809
C0013491,0,0,0,0,0.89
C0051836,1,0,0,0,0.926
C0051376,0,0,0,0,0.662
C0002411,0,0,0,0,0.968
C0004216,1,0,0,0,0.243
C0050965,0,0,0,0,0.768
C0058595,0,0,0,0,0.604
C0051107,0,0,1,0,0.244
C0054375,0,0,0,0,0.864
C0050197,0,0,0,0,0.909
C0053328,0,0,1,0,0.982
C0009699,0,0,1,0,0.178
C0038931,0,0,0,0,0.574
C0038456,0,0,0,0,0.231
C0025600,0,0,0,0,0.137
C0004786,0,0,0,0,0.116
C0007447,0,0,0,0,0.713
C0004985,1,0,0,0,0.363
C0041840,0,0,0,0,0.732
C0008260,0,0,0,0,0.985
C0033198,0,0,1,0,0.642
C0002430,0,0,0,0,0.614
C0036123,0,0,0,0,0.313
C0024210,0,0,0,0,0.538
C0050161,0,0,0,1,0.603
C0030770,0,0,0,0,0.607
C0030989,0,0,0,0,0.617
C0012476,0,0,0,0,0.655
C0011866,0,0,0,0,0.256
C0055071,0,0,0,0,0.126
C0015680,0,0,0,0,0.782
C0017983,0,0,0,0,0.624
C0007798,0,0,0,1,0.949
C0036059,0,0,1,0,0.994
C0020742,0,0,0,0,0.425
C0013509,0,0,1,0,0.59
C0022417,0,0,0,0,0.923
C0000229,0,0,0,0,0.013
C0055689,0,0,0,0,0.33
C0036204,0,1,0,0,0.662
C0040474,0,0,0,1,0.311
C0020302,0,0,0,0,0.123
C0015214,0,0,0,0,0.08
C0016694,0,0,0,0,0.827
C0011511,0,0,1,0,0.801
C0050737,0,0,0,0,0.388
C0011667,0,0,0,1,0.086
C0047027,0,0,0,0,0.653
C0040972,0,0,0,0,0.701
C0048845,0,0,0,0,0.938
C0055258,0,0,1,0,0.505
C0017589,0,0,0,1,0.103
C0007993,0,0,0,0,0.501
C0010464,0,0,0,0,0.076
C0039864,0,0,0,0,0.462
C0028563,0,0,0,0,0.874
C0002609,0,0,0,0,0.287
C0008608,0,0,0,0,0.004
C0012996,0,0,1,0,0.697
C0047904,0,1,0,0,0.247
C0014596,0,0,0,0,0.584
C0019315,0,0,0,0,0.882
C0000671,0,0,0,0,0.567
C0012053,0,0,0,0,0.803
C0039652,0,0,1,1,0.664
C0042409,0,0,0,0,0.908
C0047260,0,0,0,0,0.457
C0051036,0,0,0,1,0.096
C0033749,0,0,0,0,0.09
C0022686,0,0,0,0,0.586
C0013790,0,0,0,0,0.226
C0052383,0,0,0,0,0.231
C0000552,0,0,0,0,0.905
C0049452,0,0,0,1,0.945
C0030845,0,0,0,0,0.317
C0058663,0,0,0,0,0.741
C0003083,0,0,0,0,0.495
C0052566,0,0,1,0,0.745
C0011867,0,0,0,1,0.556
C0016191,0,0,0,0,0.957
C0012260,0,0,0,0,0.074
C0057258,0,0,0,0,0.391
C0044156,0,0,0,0,0.025
C0011790,0,0,1,0,0.887
C0058835,0,0,0,0,0.19
C0042355,0,0,0,0,0.944
C0054709,1,0,0,0,0.829
C0012720,0,0,1,0,0.149
C0056106,0,0,0,0,0.304
C0057868,0,0,0,0,0.155
C0008439,0,0,0,0,0.017
C0042334,0,0,0,0,0.755
C0039873,0,0,0,0,0.6
C0014718,0,0,0,0,0.059
C0045584,0,0,0,0,0.201
C0031338,0,0,0,0,0.931
C0019329,0,0,0,0,0.165
C0020775,0,0,0,0,0.178
C0058956,0,0,0,0,0.642
C0019025,0,0,1,0,0.485
C0059130,0,0,0,0,0.753
C0040076,0,0,0,0,0.763
C0038584,0,0,1,0,0.044
C0013112,0,0,0,0,0.758
C0058584,1,0,0,0,0.394
C0031408,0,0,1,0,0.003
C0045045,0,0,0,0,0.658
