branch_id,month,recruited_monthly,disbursed_monthly_ksh,dues_monthly_ksh,collected_monthly_ksh,arrears_monthly_ksh,avg_par_percent
BR001,2024-11,222,311652,1040554,888304,29,3.246666666666667
BR001,2024-12,240,315711,1160041,959508,32,2.893870967741935
BR001,2025-01,276,296390,1152370,968528,31,3.0438709677419356
BR001,2025-02,192,253139,1021505,900724,28,3.5742857142857143
BR001,2025-03,246,267738,1110994,953296,30,3.267741935483871
BR001,2025-04,246,304455,1119618,938963,34,2.96
BR002,2024-11,118,131012,679069,590307,34,3.5
BR002,2024-12,104,141045,659331,567792,26,3.3638709677419354
BR002,2025-01,100,138613,685085,582642,25,3.6687096774193546
BR002,2025-02,102,154991,606612,529240,38,3.3939285714285714
BR002,2025-03,132,158376,665392,558860,40,3.666129032258065
BR002,2025-04,90,140008,652180,544438,35,2.969333333333333
BR003,2024-11,352,422374,1726013,1468855,35,3.518666666666667
BR003,2024-12,404,450339,1776798,1424977,35,3.6251612903225805
BR003,2025-01,332,463306,1811986,1425044,26,3.11258064516129
BR003,2025-02,326,373093,1719860,1486465,27,3.3778571428571427
BR003,2025-03,372,459737,1817174,1570107,34,3.470322580645161
BR003,2025-04,342,464961,1800042,1510061,34,3.002666666666667
BR004,2024-11,188,283999,1114026,986987,34,3.258
BR004,2024-12,254,362157,1125153,943775,31,3.455806451612903
BR004,2025-01,234,349239,1155776,983943,24,3.69
BR004,2025-02,216,292944,986431,822040,26,3.100714285714286
BR004,2025-03,236,284383,1151718,970368,30,3.2083870967741936
BR004,2025-04,222,310212,1114756,945059,19,3.478333333333333
BR005,2024-11,346,443659,1779947,1524849,29,3.378
BR005,2024-12,352,506960,1953158,1626387,25,2.819032258064516
BR005,2025-01,396,446060,1906610,1535257,35,3.301612903225806
BR005,2025-02,402,438698,1633533,1466804,23,3.7635714285714283
BR005,2025-03,402,479223,1917223,1653394,32,2.7829032258064514
BR005,2025-04,308,442671,1778996,1477096,36,3.069
BR006,2024-11,390,441977,1881021,1592229,28,3.365
BR006,2024-12,342,492674,1847325,1563504,34,3.2229032258064514
BR006,2025-01,332,468700,1913740,1705570,31,3.429032258064516
BR006,2025-02,312,388968,1656139,1429167,29,3.705357142857143
BR006,2025-03,406,457075,1940999,1706019,33,3.5961290322580646
BR006,2025-04,376,547566,1811820,1500927,36,3.4306666666666668
BR007,2024-11,264,299167,1067596,943021,28,3.6816666666666666
BR007,2024-12,230,309195,1121037,947268,21,3.1629032258064513
BR007,2025-01,258,316379,1109515,932930,41,3.16258064516129
BR007,2025-02,242,271501,1021254,854448,24,3.4957142857142856
BR007,2025-03,276,288282,1097810,952577,30,3.6093548387096774
BR007,2025-04,210,361195,1094764,940705,28,3.524666666666667
BR008,2024-11,240,269484,1100994,924894,31,3.3016666666666667
BR008,2024-12,260,332815,1093172,981527,43,3.5583870967741937
BR008,2025-01,218,367313,1142447,940055,29,3.4377419354838707
BR008,2025-02,206,286452,1020588,856187,31,3.568214285714286
BR008,2025-03,260,286397,1132889,960666,28,3.517741935483871
BR008,2025-04,234,271676,1112934,947594,32,3.331
BR009,2024-11,252,301448,1130441,945927,19,3.7303333333333333
BR009,2024-12,218,315613,1108986,943150,38,3.4248387096774193
BR009,2025-01,212,321537,1183347,969192,19,3.2709677419354835
BR009,2025-02,248,272207,1032437,845744,26,3.0946428571428575
BR009,2025-03,206,313109,1153800,994421,43,3.733225806451613
BR009,2025-04,230,290924,1140949,954068,35,3.3773333333333335
BR010,2024-11,240,281339,1116826,976383,33,3.4123333333333337
BR010,2024-12,252,324559,1134912,955896,40,3.45
BR010,2025-01,276,291491,1157314,960804,29,3.3664516129032256
BR010,2025-02,222,297987,1026179,884911,26,3.391428571428572
BR010,2025-03,204,319794,1130631,984763,26,3.142258064516129
BR010,2025-04,206,303982,1085924,910833,29,3.116
BR011,2024-11,100,173692,661957,573715,22,3.1753333333333336
BR011,2024-12,138,140442,649253,566730,26,3.0393548387096776
BR011,2025-01,128,154578,670586,578170,23,3.838709677419355
BR011,2025-02,122,156509,588263,525153,29,3.3785714285714286
BR011,2025-03,120,136813,687176,570736,27,3.7774193548387096
BR011,2025-04,108,148330,635320,542045,29,3.4433333333333334
BR012,2024-11,230,257936,1110913,900120,26,2.8373333333333335
BR012,2024-12,238,321700,1124935,920578,21,2.9493548387096773
BR012,2025-01,256,294768,1133571,940211,26,3.3499999999999996
BR012,2025-02,214,274265,1003368,849254,29,3.4017857142857144
BR012,2025-03,242,315722,1140485,998269,29,3.0370967741935484
BR012,2025-04,230,284720,1103121,943332,30,3.1026666666666665
BR013,2024-11,348,395633,1824826,1555602,29,3.643333333333333
BR013,2024-12,398,476171,1892180,1624748,29,3.1938709677419355
BR013,2025-01,382,449675,1830673,1565743,28,2.964193548387097
BR013,2025-02,362,400639,1745113,1398719,24,3.4003571428571426
BR013,2025-03,364,440047,1877137,1594960,36,3.1867741935483873
BR013,2025-04,344,470034,1844580,1558611,22,3.7656666666666667
BR014,2024-11,130,145193,689899,605734,31,3.6813333333333333
BR014,2024-12,84,171819,678845,586237,36,3.4848387096774194
BR014,2025-01,96,152508,670874,562629,34,3.2845161290322578
BR014,2025-02,116,144579,588005,488473,31,3.2921428571428573
BR014,2025-03,132,154754,675864,582722,29,3.293225806451613
BR014,2025-04,100,132581,653437,570844,26,3.3376666666666663
BR015,2024-11,362,501706,1781558,1539628,32,3.14
BR015,2024-12,368,432389,1841118,1593539,24,2.9080645161290324
BR015,2025-01,376,433609,1859716,1576736,37,3.113548387096774
BR015,2025-02,336,392021,1701816,1484030,17,3.2289285714285714
BR015,2025-03,324,454208,1898611,1671241,25,2.646451612903226
BR015,2025-04,348,464781,1878298,1640548,34,3.2569999999999997
BR016,2024-11,216,328496,1078753,923477,35,3.423666666666667
BR016,2024-12,276,307198,1182566,1013400,30,3.5074193548387096
BR016,2025-01,254,296331,1102363,981058,28,3.1554838709677417
BR016,2025-02,192,237825,1050889,874993,25,3.134642857142857
BR016,2025-03,242,283365,1171323,1014645,32,3.343225806451613
BR016,2025-04,248,298892,1145103,975255,32,2.893666666666667
BR017,2024-11,342,443702,1730221,1397372,31,3.2256666666666667
BR017,2024-12,402,462420,1879107,1540972,38,3.2051612903225806
BR017,2025-01,394,449240,1897540,1661378,41,3.0470967741935486
BR017,2025-02,320,369356,1617311,1419628,42,3.5889285714285712
BR017,2025-03,402,488860,1878078,1630732,28,3.1596774193548387
BR017,2025-04,362,426807,1780713,1515525,33,3.0473333333333334
BR018,2024-11,400,399752,1811208,1503206,28,3.3386666666666667
BR018,2024-12,356,455225,1885245,1555970,31,2.8703225806451615
BR018,2025-01,314,467150,1878220,1649902,28,3.4461290322580647
BR018,2025-02,356,397209,1606157,1390928,26,3.141428571428572
BR018,2025-03,348,453697,1898516,1564213,31,3.3748387096774195
BR018,2025-04,336,448803,1768072,1497738,38,3.0660000000000003
BR019,2024-11,116,129465,659452,589977,25,3.207333333333333
BR019,2024-12,124,132214,662120,555233,30,3.282258064516129
BR019,2025-01,144,162502,669458,567282,35,3.4661290322580647
BR019,2025-02,124,128165,603632,515277,37,3.0764285714285715
BR019,2025-03,148,169227,667781,585512,35,3.129032258064516
BR019,2025-04,110,162231,658924,528316,26,2.732666666666667
BR020,2024-11,112,163351,644111,541348,29,2.8546666666666667
BR020,2024-12,130,164262,688228,603174,34,3.19
BR020,2025-01,138,161506,666313,572476,31,2.811935483870968
BR020,2025-02,134,115880,596959,498233,27,3.031071428571429
BR020,2025-03,106,167801,632725,503801,31,3.275161290322581
BR020,2025-04,128,149914,655710,555514,37,3.2096666666666662
BR021,2024-11,280,271534,1110714,935941,32,3.618666666666667
BR021,2024-12,290,286891,1134622,966888,30,2.988709677419355
BR021,2025-01,216,266230,1156572,979113,36,3.165483870967742
BR021,2025-02,246,253011,1013211,858219,30,3.095357142857143
BR021,2025-03,218,285713,1117905,967912,30,2.698709677419355
BR021,2025-04,216,282455,1115797,966702,23,3.119666666666667
BR022,2024-11,248,273402,1094642,949098,31,3.5780000000000003
BR022,2024-12,264,302478,1145932,942466,34,3.0012903225806453
BR022,2025-01,278,340440,1141876,981738,30,2.9370967741935483
BR022,2025-02,236,257797,1021631,847541,23,3.1257142857142854
BR022,2025-03,240,278265,1106599,945946,27,3.6203225806451615
BR022,2025-04,260,325267,1083735,881956,26,3.1236666666666664
BR023,2024-11,330,488355,1797339,1524699,26,3.1056666666666666
BR023,2024-12,394,453232,1827777,1465173,27,3.600322580645161
BR023,2025-01,364,499117,1793677,1581717,27,3.2503225806451614
BR023,2025-02,342,399777,1643375,1410129,26,3.072857142857143
BR023,2025-03,364,517332,1865905,1580741,24,2.7829032258064514
BR023,2025-04,376,459023,1746032,1563028,26,3.663333333333333
BR024,2024-11,378,397530,1794844,1557916,34,3.2199999999999998
BR024,2024-12,364,454550,1801887,1622997,33,3.344193548387097
BR024,2025-01,364,474420,1861970,1623721,23,2.985483870967742
BR024,2025-02,346,376886,1664262,1405443,30,3.3689285714285715
BR024,2025-03,352,465539,1831665,1590339,35,3.2841935483870968
BR024,2025-04,352,454781,1846961,1613844,35,3.5533333333333337
BR025,2024-11,400,412781,1757167,1520460,28,2.7353333333333336
BR025,2024-12,380,530790,1783547,1509299,32,3.155483870967742
BR025,2025-01,342,449379,1870174,1551362,29,3.003548387096774
BR025,2025-02,334,400244,1654483,1391198,27,4.0875
BR025,2025-03,386,441143,1901483,1593678,29,3.0980645161290323
BR025,2025-04,410,450750,1808551,1537264,25,3.376
BR026,2024-11,184,253146,1083726,915939,36,3.2133333333333334
BR026,2024-12,240,294794,1131919,970769,30,3.4716129032258065
BR026,2025-01,252,341489,1139643,988935,22,2.8738709677419356
BR026,2025-02,214,263785,1027185,863803,28,3.2264285714285714
BR026,2025-03,254,327826,1098099,954058,29,3.306451612903226
BR026,2025-04,230,275130,1118424,932738,31,3.365666666666667
BR027,2024-11,230,307527,1113661,926464,26,3.8746666666666667
BR027,2024-12,226,297297,1130486,952482,23,3.7722580645161288
BR027,2025-01,226,318083,1123316,946938,32,3.5558064516129035
BR027,2025-02,204,343368,1024905,877752,23,3.3225000000000002
BR027,2025-03,244,302143,1103202,966440,34,3.4403225806451614
BR027,2025-04,258,346468,1107337,902762,34,3.148
BR028,2024-11,230,305436,1069905,932402,26,3.2063333333333333
BR028,2024-12,250,313436,1100673,929602,27,2.94258064516129
BR028,2025-01,210,349810,1111948,933140,37,3.0080645161290325
BR028,2025-02,222,286382,1045369,887924,28,3.4082142857142856
BR028,2025-03,278,340891,1150817,944899,32,2.708064516129032
BR028,2025-04,282,288117,1074538,891568,26,3.492
BR029,2024-11,382,436907,1862812,1534109,34,3.0286666666666666
BR029,2024-12,372,452136,1817353,1599602,26,3.3499999999999996
BR029,2025-01,346,484596,1868941,1546203,26,3.7422580645161294
BR029,2025-02,336,398322,1643136,1365996,28,3.445
BR029,2025-03,432,436844,1787150,1557858,30,3.1812903225806455
BR029,2025-04,362,447449,1820830,1516418,35,3.575333333333333
BR030,2024-11,96,117206,649993,558795,37,3.1636666666666664
BR030,2024-12,134,165337,689899,592455,28,3.025161290322581
BR030,2025-01,130,160248,640875,533180,25,2.875483870967742
BR030,2025-02,94,141702,624048,517724,30,3.1057142857142854
BR030,2025-03,90,137855,684730,570145,18,3.0354838709677416
BR030,2025-04,126,178381,628562,558301,38,3.198
BR031,2024-11,234,313571,1075711,918097,34,3.353
BR031,2024-12,234,294609,1132630,968850,28,3.264516129032258
BR031,2025-01,212,368684,1145014,1007816,22,3.2993548387096774
BR031,2025-02,206,241082,1002943,871619,35,2.926428571428571
BR031,2025-03,236,275531,1143598,1008710,25,3.5596774193548386
BR031,2025-04,198,291074,1096971,919240,35,3.5406666666666666
BR032,2024-11,230,316666,1107237,950611,46,3.7303333333333333
BR032,2024-12,252,313099,1122122,956683,37,3.4351612903225806
BR032,2025-01,220,346789,1122697,972797,31,3.3664516129032256
BR032,2025-02,208,292680,1044409,927771,27,3.580714285714286
BR032,2025-03,202,341433,1132214,978356,28,3.5780645161290323
BR032,2025-04,206,281035,1093308,970468,34,3.1443333333333334
BR033,2024-11,260,280543,1144342,1003622,35,3.158666666666667
BR033,2024-12,212,329400,1158784,952915,24,3.479677419354839
BR033,2025-01,244,343930,1185454,960774,25,3.2993548387096774
BR033,2025-02,266,262363,1050507,938518,35,3.149285714285714
BR033,2025-03,286,321476,1162507,978378,33,3.3906451612903226
BR033,2025-04,206,306311,1096545,939159,22,3.521666666666667
BR034,2024-11,228,252856,1126822,940416,22,3.258666666666667
BR034,2024-12,208,347951,1095404,942203,36,3.3006451612903227
BR034,2025-01,242,320641,1123923,981380,34,2.9635483870967745
BR034,2025-02,212,286271,980362,868833,28,3.4639285714285712
BR034,2025-03,290,283391,1157404,993463,32,3.534838709677419
BR034,2025-04,258,292501,1081059,896408,34,3.6203333333333334
BR035,2024-11,360,468579,1855626,1540897,46,3.175
BR035,2024-12,374,481862,1884982,1546771,36,3.8093548387096776
BR035,2025-01,408,461577,1844584,1545534,26,2.9983870967741937
BR035,2025-02,404,408470,1740118,1495243,31,3.496785714285714
BR035,2025-03,348,490379,1898760,1611828,41,3.1148387096774193
BR035,2025-04,328,487795,1755159,1467223,30,3.2753333333333337
BR036,2024-11,230,285960,1088760,893893,32,3.041333333333333
BR036,2024-12,274,316265,1152012,943781,28,3.2467741935483874
BR036,2025-01,234,331917,1160388,943050,19,3.519032258064516
BR036,2025-02,240,264115,1062420,896952,31,3.8164285714285713
BR036,2025-03,240,332312,1117574,969587,30,2.994516129032258
BR036,2025-04,204,294421,1090162,915809,28,3.091333333333333
BR037,2024-11,118,156936,641366,539751,24,3.786
BR037,2024-12,140,134195,672073,581271,26,3.388387096774194
BR037,2025-01,98,174170,684446,600319,31,3.4838709677419355
BR037,2025-02,136,140758,583175,504541,26,3.3546428571428573
BR037,2025-03,126,165269,657272,544072,34,2.4341935483870967
BR037,2025-04,108,139991,645510,575417,23,3.243333333333333
BR038,2024-11,390,464408,1789459,1546338,29,3.204
BR038,2024-12,376,508934,1895841,1585140,27,3.003548387096774
BR038,2025-01,354,463214,1878570,1610901,27,3.80741935483871
BR038,2025-02,368,414644,1715961,1353523,31,3.7264285714285714
BR038,2025-03,398,478241,1884688,1579765,29,3.431935483870968
BR038,2025-04,390,392831,1723623,1474616,18,3.1873333333333336
BR039,2024-11,336,458183,1804861,1583968,29,3.234
BR039,2024-12,370,441264,1928879,1606421,24,3.4670967741935486
BR039,2025-01,424,471215,1942675,1653823,34,3.44
BR039,2025-02,320,453784,1660920,1439118,31,3.439285714285714
BR039,2025-03,410,457083,1853395,1527889,37,3.1683870967741936
BR039,2025-04,364,485383,1776190,1582769,34,3.3
BR040,2024-11,340,416234,1805294,1531216,25,3.4553333333333334
BR040,2024-12,416,437972,1889601,1569862,30,3.4451612903225803
BR040,2025-01,370,469117,1841545,1598379,29,3.0738709677419354
BR040,2025-02,358,418999,1674512,1407572,30,2.5207142857142855
BR040,2025-03,336,460724,1895359,1606194,41,3.112258064516129
BR040,2025-04,328,497157,1792252,1471376,30,3.0623333333333336
BR041,2024-11,354,431263,1762750,1514440,33,3.713
BR041,2024-12,348,414960,1909995,1648562,29,3.6906451612903224
BR041,2025-01,432,475602,1881697,1604254,25,3.529677419354839
BR041,2025-02,292,389597,1617525,1350177,27,3.174285714285714
BR041,2025-03,326,467516,1873184,1609923,33,3.223225806451613
BR041,2025-04,320,468972,1798726,1521130,29,3.560666666666667
BR042,2024-11,140,162210,639101,523097,31,2.9223333333333334
BR042,2024-12,114,125061,669238,588772,33,3.55
BR042,2025-01,108,156748,652839,528187,40,3.142258064516129
BR042,2025-02,132,122949,585981,487463,31,3.724285714285714
BR042,2025-03,118,148964,682785,579732,33,3.208064516129032
BR042,2025-04,112,101035,662103,539213,31,3.5570000000000004
BR043,2024-11,242,343168,1114523,950579,31,3.6103333333333336
BR043,2024-12,280,300442,1138965,913833,33,3.194516129032258
BR043,2025-01,250,319934,1124119,961520,35,3.131290322580645
BR043,2025-02,224,277473,1055721,888515,27,3.121785714285714
BR043,2025-03,240,331177,1184172,968915,35,3.701935483870968
BR043,2025-04,226,276561,1091043,908257,25,3.014333333333333
BR044,2024-11,210,326212,1123550,940059,29,3.3
BR044,2024-12,224,307139,1146500,986610,29,2.765483870967742
BR044,2025-01,234,361915,1112150,954905,34,3.16
BR044,2025-02,228,258101,1040216,873124,14,3.016428571428571
BR044,2025-03,244,357291,1145996,1015835,33,2.8835483870967744
BR044,2025-04,236,331639,1131986,917243,26,3.077
BR045,2024-11,394,419324,1770044,1456903,37,3.015333333333333
BR045,2024-12,348,509611,1941401,1648089,32,2.866774193548387
BR045,2025-01,348,447599,1886956,1581207,36,3.8548387096774195
BR045,2025-02,304,400244,1682948,1418456,28,3.349285714285714
BR045,2025-03,344,507564,1883033,1511963,39,3.00258064516129
BR045,2025-04,334,434521,1772012,1465127,29,3.2976666666666663
BR046,2024-11,232,288892,1135635,984147,27,3.214
BR046,2024-12,260,325780,1121548,972651,29,3.330967741935484
BR046,2025-01,236,275208,1106753,965016,35,3.2851612903225806
BR046,2025-02,206,262276,1029340,925148,24,3.229642857142857
BR046,2025-03,244,321605,1141638,943639,34,3.4925806451612904
BR046,2025-04,260,292326,1160108,1007847,30,3.5403333333333338
BR047,2024-11,220,285522,1106064,958047,24,3.1270000000000002
BR047,2024-12,244,317284,1089561,950433,32,3.150645161290323
BR047,2025-01,244,291845,1157765,992015,38,3.398709677419355
BR047,2025-02,258,265110,1029897,886454,39,3.152142857142857
BR047,2025-03,256,341823,1160944,1004259,27,3.390322580645161
BR047,2025-04,288,349243,1094252,911925,34,3.0443333333333333
BR048,2024-11,372,427172,1729445,1484883,30,3.7603333333333335
BR048,2024-12,392,483589,1884985,1669159,33,3.4203225806451614
BR048,2025-01,354,458912,1778571,1543449,25,3.4045161290322583
BR048,2025-02,342,375659,1624327,1317864,30,3.235
BR048,2025-03,362,479160,1843285,1567820,30,3.370967741935484
BR048,2025-04,340,416326,1783971,1470275,38,3.2483333333333335
BR049,2024-11,240,266061,1134952,973384,40,3.326
BR049,2024-12,228,262441,1148181,967908,37,3.4609677419354834
BR049,2025-01,280,350685,1081473,946290,32,3.258387096774194
BR049,2025-02,246,280957,993606,832211,29,3.417857142857143
BR049,2025-03,266,315888,1119626,938202,30,2.8941935483870966
BR049,2025-04,224,315887,1112380,944947,31,2.832333333333333
BR050,2024-11,238,332998,1106832,888973,40,3.448
BR050,2024-12,248,278385,1127524,931456,31,3.16
BR050,2025-01,250,307688,1164089,987317,38,3.0038709677419355
BR050,2025-02,200,270477,1022333,858615,26,3.2475
BR050,2025-03,304,291525,1136742,946536,32,2.864516129032258
BR050,2025-04,238,276060,1109553,910435,33,3.2886666666666664
BR051,2024-11,248,326736,1104550,943941,22,3.6043333333333334
BR051,2024-12,252,332844,1138291,971016,29,3.238709677419355
BR051,2025-01,268,325415,1159647,966758,27,3.3977419354838707
BR051,2025-02,212,255432,1043721,910539,32,3.1435714285714282
BR051,2025-03,218,293472,1141234,942373,33,2.7651612903225806
BR051,2025-04,254,281454,1096005,940290,32,3.2903333333333338
BR052,2024-11,244,283170,1113851,966742,35,3.194666666666667
BR052,2024-12,232,362129,1135441,955060,29,3.1874193548387098
BR052,2025-01,230,278239,1167996,945576,24,3.0870967741935487
BR052,2025-02,232,250714,1058138,917882,34,2.5435714285714286
BR052,2025-03,280,303522,1141337,972659,38,3.408709677419355
BR052,2025-04,220,333058,1087703,935591,37,3.070333333333333
BR053,2024-11,338,452917,1812125,1549410,35,3.8176666666666668
BR053,2024-12,346,468786,1855510,1634765,27,2.8706451612903225
BR053,2025-01,394,462010,1925412,1572515,20,3.1306451612903223
BR053,2025-02,322,372516,1699201,1439182,35,3.1903571428571427
BR053,2025-03,312,473834,1869955,1647583,32,3.444516129032258
BR053,2025-04,372,406988,1771606,1475719,30,2.9283333333333332
BR054,2024-11,250,314903,1108490,922007,24,3.417333333333333
BR054,2024-12,254,329693,1127228,986000,36,3.5100000000000002
BR054,2025-01,214,338870,1137580,981878,24,3.8103225806451615
BR054,2025-02,206,273200,1066991,929139,21,2.9057142857142857
BR054,2025-03,282,317481,1146416,948926,25,3.0116129032258065
BR054,2025-04,258,283115,1120436,901702,37,3.066666666666667
BR055,2024-11,190,293193,1106010,927976,37,3.126333333333333
BR055,2024-12,268,299593,1139687,1005587,30,3.0748387096774192
BR055,2025-01,234,297568,1115078,938090,33,3.230967741935484
BR055,2025-02,178,238368,1021030,850047,27,3.2128571428571426
BR055,2025-03,238,308532,1100148,925585,35,3.471290322580645
BR055,2025-04,282,323089,1083963,919460,26,3.4853333333333336
BR056,2024-11,240,294404,1088698,925438,29,3.2093333333333334
BR056,2024-12,202,298198,1103516,952696,34,3.1754838709677418
BR056,2025-01,268,306487,1111587,974940,28,3.0506451612903223
BR056,2025-02,218,268417,1023507,895775,37,3.236785714285714
BR056,2025-03,238,306143,1184046,1000053,31,3.5900000000000003
BR056,2025-04,246,314181,1141391,996845,31,3.1206666666666667
BR057,2024-11,122,149535,637054,551243,26,3.6996666666666664
BR057,2024-12,130,148237,677566,559982,30,3.1887096774193546
BR057,2025-01,170,140730,683602,574476,32,2.7641935483870967
BR057,2025-02,122,160835,600975,521048,21,3.32
BR057,2025-03,154,155066,669723,584449,33,2.8777419354838707
BR057,2025-04,148,140204,656892,533552,27,3.2849999999999997
BR058,2024-11,226,295605,1118160,998650,31,3.1540000000000004
BR058,2024-12,250,310475,1109429,938457,31,2.7438709677419357
BR058,2025-01,202,268830,1126985,949343,33,3.5361290322580645
BR058,2025-02,204,274435,1016004,854231,33,2.854642857142857
BR058,2025-03,248,312364,1124843,955477,40,2.8767741935483873
BR058,2025-04,212,271938,1100411,913648,30,3.124
BR059,2024-11,310,399159,1796064,1487282,36,3.6213333333333333
BR059,2024-12,352,448520,1868366,1631088,36,3.400967741935484
BR059,2025-01,374,401899,1883747,1668478,28,3.5796774193548386
BR059,2025-02,308,410332,1649781,1395523,39,3.630357142857143
BR059,2025-03,370,463525,1866469,1639727,26,3.1190322580645162
BR059,2025-04,360,426666,1774712,1511984,29,3.1616666666666666
BR060,2024-11,384,448403,1787640,1458663,28,3.288
BR060,2024-12,348,457652,1910013,1658768,23,3.0825806451612903
BR060,2025-01,366,453433,1867623,1586981,31,3.3793548387096775
BR060,2025-02,356,407151,1635943,1403375,31,3.649642857142857
BR060,2025-03,366,502275,1867299,1539642,28,3.4012903225806452
BR060,2025-04,316,450354,1808850,1554462,23,3.623666666666667
BR061,2024-11,206,307163,1126631,981817,28,3.572666666666667
BR061,2024-12,288,359461,1148503,956837,39,2.7732258064516127
BR061,2025-01,280,327990,1182738,1031284,35,3.62
BR061,2025-02,194,294655,1070757,929469,25,2.7346428571428576
BR061,2025-03,252,307568,1120655,940226,33,3.6303225806451613
BR061,2025-04,248,305722,1085079,879108,21,2.89
BR062,2024-11,356,375084,1819499,1542342,31,3.432
BR062,2024-12,328,488136,1895247,1608168,36,2.7754838709677423
BR062,2025-01,426,497190,1820213,1543136,29,3.327741935483871
BR062,2025-02,362,448510,1652977,1399069,28,3.1896428571428572
BR062,2025-03,404,458768,1885497,1514218,34,3.2732258064516127
BR062,2025-04,384,449967,1869280,1579129,30,3.5069999999999997
BR063,2024-11,270,300484,1065995,919873,36,3.057
BR063,2024-12,228,256833,1088349,934635,28,3.4693548387096773
BR063,2025-01,238,307107,1070033,915201,36,3.911612903225806
BR063,2025-02,246,281403,1002961,839847,22,3.2392857142857143
BR063,2025-03,272,324801,1158554,1012503,31,3.2883870967741933
BR063,2025-04,256,313435,1086534,943241,32,3.130666666666667
BR064,2024-11,174,126766,659132,563616,40,3.3603333333333336
BR064,2024-12,136,169960,668822,562551,31,3.608709677419355
BR064,2025-01,138,141909,665036,550390,35,3.684193548387097
BR064,2025-02,134,142121,587225,510189,32,3.6317857142857144
BR064,2025-03,122,160456,682757,568581,35,3.3141935483870966
BR064,2025-04,124,150700,666851,573212,34,2.695
BR065,2024-11,240,265819,1116776,942498,30,2.478666666666667
BR065,2024-12,256,300420,1146469,993918,30,3.087741935483871
BR065,2025-01,270,353707,1122686,987253,26,3.534838709677419
BR065,2025-02,232,251792,1056200,879385,33,3.1914285714285713
BR065,2025-03,264,311194,1144739,985591,21,2.827741935483871
BR065,2025-04,222,305984,1139192,980071,33,3.1599999999999997
BR066,2024-11,242,265569,1102917,944602,36,3.359
BR066,2024-12,226,350452,1106772,954870,39,3.3619354838709676
BR066,2025-01,240,319132,1180759,1018964,23,3.4158064516129034
BR066,2025-02,224,294296,1022890,860380,35,3.3189285714285712
BR066,2025-03,236,271899,1147962,995978,31,3.07741935483871
BR066,2025-04,262,298495,1114603,934420,44,2.8586666666666667
BR067,2024-11,234,306297,1081919,875423,29,3.0813333333333333
BR067,2024-12,228,309014,1151669,1040227,24,2.9896774193548388
BR067,2025-01,288,297671,1153979,1001038,27,3.3425806451612905
BR067,2025-02,236,278197,977246,793557,33,3.072142857142857
BR067,2025-03,238,302787,1150501,946476,35,3.646451612903226
BR067,2025-04,240,294432,1096051,948363,31,3.5189999999999997
BR068,2024-11,216,334727,1109037,930102,36,3.0203333333333333
BR068,2024-12,276,363910,1107501,941657,26,3.0883870967741935
BR068,2025-01,268,283857,1127849,997247,27,3.384193548387097
BR068,2025-02,212,259245,1014308,862489,27,4.152142857142858
BR068,2025-03,234,319255,1141598,965398,23,3.581290322580645
BR068,2025-04,192,265114,1061746,914933,30,2.8886666666666665
BR069,2024-11,208,298643,1078785,889775,30,3.2790000000000004
BR069,2024-12,238,328766,1148984,978446,34,3.1670967741935487
BR069,2025-01,260,313862,1117685,946135,34,2.955806451612903
BR069,2025-02,224,261998,1027651,877303,37,2.4475000000000002
BR069,2025-03,292,303702,1106017,941637,25,3.175806451612903
BR069,2025-04,256,313664,1131922,1019278,27,3.0683333333333334
BR070,2024-11,90,154345,650013,559254,38,3.3430000000000004
BR070,2024-12,120,139660,682292,565337,37,2.8251612903225807
BR070,2025-01,112,131354,674585,579017,24,3.287741935483871
BR070,2025-02,106,144380,595858,540960,27,3.2642857142857147
BR070,2025-03,144,134464,656211,559756,37,3.5470967741935486
BR070,2025-04,132,140628,649731,574844,29,2.8573333333333335
BR071,2024-11,252,273059,1094820,968155,20,3.6973333333333334
BR071,2024-12,274,295053,1166904,977820,27,3.819032258064516
BR071,2025-01,218,299911,1154115,1011636,37,3.427741935483871
BR071,2025-02,246,295385,1053416,891026,27,3.5557142857142856
BR071,2025-03,248,313211,1092976,942268,28,3.269032258064516
BR071,2025-04,200,317319,1102691,933738,38,3.3883333333333336
BR072,2024-11,122,140011,638782,525511,29,3.4650000000000003
BR072,2024-12,124,179211,654440,542143,30,3.157741935483871
BR072,2025-01,122,148506,686648,582340,32,3.253548387096774
BR072,2025-02,96,148432,618561,530716,33,3.514642857142857
BR072,2025-03,114,167823,660530,559951,33,3.3993548387096775
BR072,2025-04,82,131934,640336,523651,24,3.082333333333333
BR073,2024-11,110,153525,662200,556518,33,2.918
BR073,2024-12,108,174777,671987,554587,29,2.9570967741935483
BR073,2025-01,128,192652,648554,549220,32,3.0012903225806453
BR073,2025-02,112,143981,603947,523586,28,3.1750000000000003
BR073,2025-03,132,131690,669413,570295,29,3.0603225806451615
BR073,2025-04,114,145016,665927,558306,27,2.689
BR074,2024-11,336,479258,1813778,1582856,21,2.9979999999999998
BR074,2024-12,392,498300,1816991,1523847,19,3.084838709677419
BR074,2025-01,418,472147,1778422,1525547,29,3.2419354838709675
BR074,2025-02,300,366282,1588615,1354372,27,3.4442857142857144
BR074,2025-03,388,461440,1839873,1563651,40,3.218709677419355
BR074,2025-04,304,456668,1835761,1566304,25,3.6319999999999997
BR075,2024-11,360,508517,1818340,1539660,15,3.128333333333333
BR075,2024-12,344,475261,1799512,1539327,36,3.048709677419355
BR075,2025-01,376,488639,1841403,1533967,37,3.533225806451613
BR075,2025-02,324,396513,1686382,1448801,41,2.9910714285714284
BR075,2025-03,378,430888,1855905,1571720,31,3.6503225806451614
BR075,2025-04,354,484257,1750768,1555414,34,3.4436666666666667
BR076,2024-11,372,402099,1709742,1450118,38,3.5623333333333336
BR076,2024-12,344,478494,1812599,1592222,32,2.7670967741935484
BR076,2025-01,346,460028,1757280,1380841,33,3.665483870967742
BR076,2025-02,318,401702,1734583,1538433,29,3.442857142857143
BR076,2025-03,392,432663,1841277,1554043,35,3.5216129032258063
BR076,2025-04,352,430963,1825218,1524445,34,3.4859999999999998
BR077,2024-11,376,446284,1764030,1542434,40,3.2439999999999998
BR077,2024-12,406,409183,1863825,1573535,25,3.2319354838709677
BR077,2025-01,394,443106,1870875,1592335,25,3.218709677419355
BR077,2025-02,362,414279,1679664,1415958,26,2.7264285714285714
BR077,2025-03,418,444379,1756451,1474755,27,2.910322580645161
BR077,2025-04,362,450829,1846568,1531608,30,3.2953333333333332
BR078,2024-11,394,440114,1781857,1482325,30,3.1206666666666667
BR078,2024-12,368,508455,1836034,1500522,29,2.9696774193548388
BR078,2025-01,366,511394,1872858,1628937,31,3.104193548387097
BR078,2025-02,324,392689,1604207,1352423,22,3.266785714285714
BR078,2025-03,338,487619,1834358,1589946,34,3.5474193548387096
BR078,2025-04,320,448645,1767731,1501003,25,3.589
BR079,2024-11,266,289833,1107446,962665,30,2.9373333333333336
BR079,2024-12,200,283732,1127354,967391,32,3.157741935483871
BR079,2025-01,298,280463,1158596,1005186,30,3.005483870967742
BR079,2025-02,234,273864,1035557,872181,24,3.4914285714285715
BR079,2025-03,288,302311,1122893,1010583,28,3.295483870967742
BR079,2025-04,228,331555,1103582,921680,40,2.9443333333333332
BR080,2024-11,336,444695,1832436,1511126,27,3.1526666666666667
BR080,2024-12,350,528508,1919458,1594673,32,3.2683870967741937
BR080,2025-01,360,462364,1823747,1494908,22,3.232258064516129
BR080,2025-02,336,392661,1645498,1432187,38,3.1125000000000003
BR080,2025-03,348,492556,1877578,1563073,29,3.738709677419355
BR080,2025-04,376,441713,1807755,1513718,28,3.249
BR081,2024-11,382,430348,1815482,1557667,34,3.2636666666666665
BR081,2024-12,364,490674,1856714,1629507,32,3.1283870967741936
BR081,2025-01,380,445356,1823968,1492736,32,3.5900000000000003
BR081,2025-02,344,442702,1647210,1390279,24,3.2767857142857144
BR081,2025-03,348,470801,1844048,1501792,30,3.793548387096774
BR081,2025-04,334,424391,1818053,1536819,30,3.2209999999999996
BR082,2024-11,128,162127,646689,555581,18,3.043
BR082,2024-12,116,139651,678946,561660,30,2.838709677419355
BR082,2025-01,114,155146,686575,561421,24,3.3522580645161293
BR082,2025-02,100,144733,585860,517325,21,3.777142857142857
BR082,2025-03,130,145300,692348,578904,34,2.915483870967742
BR082,2025-04,116,135983,624821,531286,34,3.028
BR083,2024-11,364,400369,1808113,1481523,30,3.866333333333333
BR083,2024-12,322,500351,1795562,1502315,38,2.806451612903226
BR083,2025-01,368,479761,1824035,1496746,29,3.2922580645161292
BR083,2025-02,302,370230,1688574,1417537,25,2.544642857142857
BR083,2025-03,392,434254,1773544,1498623,34,3.365806451612903
BR083,2025-04,334,448207,1873491,1537071,34,2.7733333333333334
BR084,2024-11,102,181589,656546,565584,24,3.164
BR084,2024-12,130,152728,660709,567182,29,3.2722580645161288
BR084,2025-01,128,188032,683620,572134,21,3.4019354838709677
BR084,2025-02,120,136207,598957,503104,31,3.0964285714285715
BR084,2025-03,126,140121,700983,578547,24,3.2074193548387093
BR084,2025-04,94,143699,626932,546030,34,3.1253333333333333
BR085,2024-11,402,453999,1809617,1513413,26,3.027
BR085,2024-12,368,406841,1854851,1551760,37,3.4048387096774193
BR085,2025-01,368,480878,1904903,1665144,30,3.2458064516129035
BR085,2025-02,344,406606,1701461,1450723,15,3.035
BR085,2025-03,348,494764,1804124,1528632,30,3.12
BR085,2025-04,384,493001,1799432,1551601,30,3.1383333333333336
BR086,2024-11,362,529716,1789870,1521961,30,2.9429999999999996
BR086,2024-12,326,473774,1900097,1595426,30,2.9274193548387095
BR086,2025-01,422,389991,1855303,1636230,31,3.588709677419355
BR086,2025-02,352,406682,1695147,1481294,26,3.1896428571428572
BR086,2025-03,388,485361,1801398,1585164,28,3.6390322580645162
BR086,2025-04,390,445456,1781119,1565947,32,3.7180000000000004
BR087,2024-11,264,288861,1087815,944332,36,2.6906666666666665
BR087,2024-12,246,310003,1110886,947807,31,3.052258064516129
BR087,2025-01,236,317090,1101023,876252,25,3.5693548387096774
BR087,2025-02,238,315098,997787,821004,46,3.5275
BR087,2025-03,252,317316,1199572,1018646,39,3.4193548387096775
BR087,2025-04,228,304246,1112608,922560,31,3.4123333333333337
BR088,2024-11,226,306896,1092868,916938,31,3.228
BR088,2024-12,242,342123,1133638,952720,27,2.8251612903225807
BR088,2025-01,246,279367,1171586,960384,39,3.581935483870968
BR088,2025-02,206,276763,1053333,897544,35,3.14
BR088,2025-03,258,305199,1129690,966736,25,3.4396774193548385
BR088,2025-04,212,296152,1081037,902858,32,3.8089999999999997
BR089,2024-11,108,156933,630160,550746,38,3.06
BR089,2024-12,122,167750,683719,580397,34,3.1438709677419356
BR089,2025-01,126,148162,668051,552905,32,2.6293548387096775
BR089,2025-02,128,162554,594896,508768,30,3.3414285714285716
BR089,2025-03,140,144966,681445,634105,27,3.16
BR089,2025-04,132,161910,632881,560080,36,2.8493333333333335
BR090,2024-11,234,272480,1110895,949186,35,3.1243333333333334
BR090,2024-12,244,314260,1119265,909462,44,2.9638709677419355
BR090,2025-01,258,335448,1156593,967980,24,3.048709677419355
BR090,2025-02,228,277996,1029680,901175,23,4.064642857142857
BR090,2025-03,252,342168,1098647,948786,33,3.177096774193548
BR090,2025-04,248,279816,1143624,955345,31,3.3160000000000003
BR091,2024-11,124,186455,668737,553270,26,3.6516666666666664
BR091,2024-12,98,170205,684657,602303,25,3.6719354838709677
BR091,2025-01,108,161551,691627,587943,23,2.862258064516129
BR091,2025-02,134,136103,603615,512252,32,2.8885714285714283
BR091,2025-03,120,163919,663188,565112,29,3.5561290322580645
BR091,2025-04,120,170138,666740,560717,22,2.9006666666666665
BR092,2024-11,318,431726,1782665,1490509,32,3.4496666666666664
BR092,2024-12,362,434982,1858924,1615288,37,3.6822580645161294
BR092,2025-01,372,432654,1842698,1535925,34,3.1616129032258065
BR092,2025-02,352,397409,1618905,1397671,21,3.5214285714285714
BR092,2025-03,356,415224,1852156,1568633,26,3.3141935483870966
BR092,2025-04,366,476644,1776480,1573771,31,3.8093333333333335
BR093,2024-11,398,426063,1840423,1628131,37,2.9113333333333333
BR093,2024-12,402,504648,1879174,1619550,22,3.08
BR093,2025-01,380,430976,1790544,1551433,37,3.289677419354839
BR093,2025-02,348,405010,1652718,1427814,27,3.0589285714285714
BR093,2025-03,348,466942,1828138,1476793,29,2.9883870967741935
BR093,2025-04,396,396765,1787993,1505946,36,3.728333333333333
BR094,2024-11,122,137237,669493,580325,25,3.0713333333333335
BR094,2024-12,134,169284,680349,558764,27,3.4629032258064516
BR094,2025-01,104,160063,660087,562445,36,2.737741935483871
BR094,2025-02,86,129599,608380,513656,24,3.185714285714286
BR094,2025-03,114,159774,647197,563719,22,3.113548387096774
BR094,2025-04,124,146692,637230,548187,30,3.626333333333333
BR095,2024-11,128,159738,654375,561921,26,2.908666666666667
BR095,2024-12,112,152834,695086,610304,36,3.4738709677419353
BR095,2025-01,124,152838,659447,571813,45,3.1029032258064517
BR095,2025-02,106,164978,619784,523858,29,3.0203571428571427
BR095,2025-03,82,145053,674042,570271,32,2.906774193548387
BR095,2025-04,110,149182,641065,553593,31,3.3306666666666667
BR096,2024-11,82,142192,650586,546773,28,3.1056666666666666
BR096,2024-12,138,143117,674596,590623,29,3.1896774193548385
BR096,2025-01,134,151956,693536,563630,38,3.253548387096774
BR096,2025-02,108,122639,610485,523462,31,3.4257142857142857
BR096,2025-03,108,158793,666338,560869,30,3.2835483870967743
BR096,2025-04,114,160065,639353,546271,29,2.903
BR097,2024-11,256,267634,1081417,899796,39,3.1456666666666666
BR097,2024-12,218,316887,1138224,1005398,37,3.155806451612903
BR097,2025-01,240,289975,1101308,977121,34,3.164516129032258
BR097,2025-02,252,278037,1013162,845085,16,3.0507142857142857
BR097,2025-03,246,314756,1119843,954676,31,2.908709677419355
BR097,2025-04,236,298624,1124221,958468,35,3.0203333333333333
BR098,2024-11,242,285880,1086034,937014,29,3.2093333333333334
BR098,2024-12,270,285975,1133740,989469,31,3.7109677419354843
BR098,2025-01,286,314830,1146246,975533,33,3.9025806451612906
BR098,2025-02,194,280932,1058966,897626,25,2.9435714285714285
BR098,2025-03,268,324621,1161119,944407,36,2.8351612903225805
BR098,2025-04,186,297940,1086867,943800,33,2.8153333333333337
BR099,2024-11,136,140611,649593,546327,28,3.5963333333333334
BR099,2024-12,128,165668,683170,580201,39,3.1503225806451614
BR099,2025-01,124,146123,673253,580462,31,3.7219354838709675
BR099,2025-02,106,146417,619487,536420,40,2.7817857142857143
BR099,2025-03,140,176879,672396,581714,35,3.4948387096774196
BR099,2025-04,104,182891,621122,543934,38,3.0473333333333334
BR100,2024-11,336,478934,1820546,1482314,30,2.6086666666666667
BR100,2024-12,386,462152,1883333,1501132,39,2.8693548387096777
BR100,2025-01,414,453528,1861998,1551650,41,3.1241935483870966
BR100,2025-02,388,438916,1653448,1358695,27,3.2128571428571426
BR100,2025-03,350,508596,1875648,1599914,32,2.956451612903226
BR100,2025-04,394,452139,1783539,1512394,26,3.380666666666667
